,User,Tweet
0,PythonBot_By_PM,"RT @tutors_wisdom: Do you need help in;
#python
#homeworkdue
#chemistry
#Onlineclass
#Essaypay
#economics
#Statistics
#homework
#essaywrite‚Ä¶"
1,A1a1Ahmedsord,"„Ç≥„É≥„Éî„É•„Éº„Çø„ÉªIT„ÅßÊÄ•‰∏äÊòá„Åó„Åæ„Åó„Åü‚ú®

Ôºè
üèÜAmazonÊõ∏Á±çÔºöÁ¨¨36‰ΩçüèÜ
Ë©≥Ëß£ 3Ê¨°ÂÖÉÁÇπÁæ§Âá¶ÁêÜ Python„Å´„Çà„ÇãÂü∫Á§é„Ç¢„É´„Ç¥„É™„Ç∫„É†„ÅÆÂÆüË£Ö (KSÁêÜÂ∑•Â≠¶Â∞ÇÈñÄÊõ∏)‚Ä¶
Ôºº

üí∞ÂïÜÂìÅ‰æ°Ê†º: 3,080ÂÜÜ[10:6]

‚¨áË©≥Á¥∞„ÅØ„Ç≥„ÉÅ„É©‚¨á
https://t.co/Rm0dOpewOv"
2,2Bftawfik,"RT @Editordon2: Pay us to handle your:
English
#essaypay
#Math
#Chem
#assignment due
#javascript
Algebra
homework
#Psychology
#WomenWhoCode‚Ä¶"
3,ServerlessFan,"RT @Editordon2: Pay us to handle your:
English
#essaypay
#Math
#Chem
#assignment due
#javascript
Algebra
homework
#Psychology
#WomenWhoCode‚Ä¶"
4,PythonBot_By_PM,"RT @Editordon2: Pay us to handle your:
English
#essaypay
#Math
#Chem
#assignment due
#javascript
Algebra
homework
#Psychology
#WomenWhoCode‚Ä¶"
5,periscopeislit,"RT @srdotnet: October 17, 2022
Solar Production Summary:

Today's production was 17.01 kWh 
October production to date is 657.49 kWh 
The s‚Ä¶"
6,mcshiraz,"RT @PythonPr: 18 Python scripts that help you write code faster
#python #programming #developer 
https://t.co/NfcK4cyieU"
7,J3nTyrell,"RT @bururiah_essays: HMU for quality assignment help
Essay pay
Exams
Homework
Biology
Chemistry
Math'
Full classes..
Ecology.
Anatomy
#Mach‚Ä¶"
8,xaelbot,"RT @Editordon2: Pay us to handle your:
English
#essaypay
#Math
#Chem
#assignment due
#javascript
Algebra
homework
#Psychology
#WomenWhoCode‚Ä¶"
9,pgonzontight,Peter Murphy - Socrates the Python https://t.co/245EQeDKB1 via @YouTube
10,whopcod,"RT @DarkHers: Creating JPopupMenu using Java Swing
#DarkHers #darkhers #programmer #programming #coding #developer #coder #python #javascri‚Ä¶"
11,OmniMotile,"@KaylaChowShow Contact
Monty Python and the Holy Grail
Amadeus"
12,DD_Wen_,Machine Learning for Time Series Data in Python. This course focuses on feature engineering and machine learning for time series data #python #machinelearning #datascience https://t.co/Z2F3xXS5wG
13,frankdpi,"Enjoy

Monty Python: The Parrot Sketch &amp; The Lumberjack Song movie versions HQ https://t.co/7LDQfvrfC8 via @YouTube"
14,PythonBot_By_PM,RT @DD_Wen_: Machine Learning for Time Series Data in Python. This course focuses on feature engineering and machine learning for time seri‚Ä¶
15,discord_GPBiP,"[ÂÆöÊúü]
„Åì„Çì„Å´„Å°„ÅØ„ÄÅÁßÅ„ÅÆÂêçÂâç„ÅØGPBiP„Åß„Åô
GPBiP„Å®„ÅØ„ÄÅ„Å®„ÅÇ„Çã #Discord „ÅÆ„Éú„ÉÉ„Éà„Åß„Åô
„Éü„É•„Éº„Ç∏„ÉÉ„ÇØÊ©üËÉΩ„Å™„Å©„ÇÇ„ÅÇ„Çä„Åæ„Åô„Åå„ÄÅÁõÆÊ®ô„ÅØ
„ÄåÁóí„ÅÑÊâÄ„Å´Êâã„ÅåÂ±ä„Åè„Äç„Çà„ÅÜ„Å´„Åô„Çã„Åì„Å®

ÂÖ¨ÂºèDiscord„Çµ„Éº„Éê„ÅØ„Åì„Å°„Çâ!
https://t.co/BCzyib6njX

Â∞éÂÖ•„ÅØ„Åì„Å°„Çâ!
https://t.co/vbt81Bebcm

#bot #Python #GPBiP"
16,Jessiessays,"Top Writing Services
Dm
#FrontEndDeveloper
#DEVCommunity
#cybersecurity
#ArtificialIntelligence
# AI
#DataScience
#MachineLearning
#BigData

#100DaysOfCodehomework
#Python#DeepLearning#NLP#Robots#IoT
#DevOps
#DigitalTransformation
#CodeNewbie
#Code
#WomenWhoCode
#DataScience"
17,js_var,"Python developer ‚ùÜ 15-20 years old ‚ùÜ 1 hour each day of work https://t.co/LoHx3T9M42 You must live in the Western Balkans, Eastern Europe, Latin America, or the Caucasus.   I am recruiting either a high school, or university student who will help me build an Internet of thi‚Ä¶"
18,BenekerDani,"10 movies to get to know me in no particular order
1. Monty Python &amp; the Holy Grail
2. Sense &amp; Sensibility
3. Casablanca
4. The 7th Seal
5. Young Frankenstein
6. Dog Day Afternoon
7. Up
8. Crimson Tide
9. Where Eagles Dare
10. Alien"
19,davesec,"RT @PythonPr: How to Build an Object Tracking from Scratch with OpenCV and Python
#python #opencv #machine 
https://t.co/rfpasD9lm3"
20,xTheBigDataBotx,"RT @stratorob: I‚Äôve been following a woman around the internet. Turns out she was created by #artificialintelligence.

https://t.co/WHQ2Ulm‚Ä¶"
21,PythonBot_By_PM,"RT @stratorob: I‚Äôve been following a woman around the internet. Turns out she was created by #artificialintelligence.

https://t.co/WHQ2Ulm‚Ä¶"
22,bettprofessors,"Pay us to do or write your 
#Assignments
#Tests
#calculus
#homework
#Homeworkhelp
#Quizzes
#Onlineclass
#essayhelp
#Essaydue
#essaywrite
#Essays
#Music
#Javascript
#Python
#USA 
https://t.co/Dcpy2evWKo"
23,Trolldotorg,RT @pythonbot_: Random Forests Algorithm explained with a real-life example and some Python code https://t.co/yS9Q73N2UV  #PythonCode
24,LindomarAlbuq,"RT @liderancatech: 1. Aprenda Python B√°sico para An√°lise de dados
https://t.co/5GTvY36Ryn https://t.co/vBUvSI5ONQ"
25,EwdChn,https://t.co/6D8K0XBoRX
26,PythonBot_By_PM,"RT @bettprofessors: Pay us to do or write your 
#Assignments
#Tests
#calculus
#homework
#Homeworkhelp
#Quizzes
#Onlineclass
#essayhelp
#Ess‚Ä¶"
27,xaelbot,"RT @stratorob: I‚Äôve been following a woman around the internet. Turns out she was created by #artificialintelligence.

https://t.co/WHQ2Ulm‚Ä¶"
28,rcampos_82,"RT @liderancatech: Em suma:
Cursos gr√°tis do Google p/ ser Data Scientist

Python B√°sico para An√°lise de Dados - https://t.co/5GTvY2POwn
Fu‚Ä¶"
29,bettprofessors,"Quality work and timely delivery;
Exams
#Onlineclass
#Finalpaper
Maths
Finance
Economics
Calculus
English
Python
Law
Stats
Essays due
Geography
#Music
Chicago essays
Assignments
Biology
Physics
#Research
Homework
Chemistry
Essay pay @bettprofessors 
https://t.co/Dcpy2evWKo"
30,wandyxbities,"MARICAAAA SUBIERON NOTAS DE UN LABORATORIO Y SAQUE MAYOR NOTA QUE LA PERSONA QUE ME ENSE√ëO A PROGRAMAR EN PYTHON AHHHHHHHHH PARCE YO HICE SOLA TODO ESE LAB Y FUI LA MAYOR NOTA AHHHH NO ME LO CREO, AHHH EL TRASNOCHO DE ESE DIA NO FUE EN VANO"
31,Cayosaavedra1,"RT @Sdesalvaje: „ÄãBRAIS MOURE [ @MoureDev ] 

Mi compadre Brais tiene cursos de:

‚úì Python
‚úì Android
‚úì Flutter
‚úì Programa apps en directo

S‚Ä¶"
32,OscarSnva15,"behavior of fields magnetics, :,) python vision by computerüååüåå https://t.co/SgLKUBH3gh"
33,hoangitk,"RT @svpino: If you are just starting, and want to learn programming and Python, this course is a great option:

""Learn to Program: The Fund‚Ä¶"
34,mediagal13,"RT @SwissFeeds: Win A Bed Bath &amp; Beyond Gift Card!

Retweet To Enter: https://t.co/DbwDwpV1Qa

#payback #pethealth #pewpew #pewpewlife #pho‚Ä¶"
35,Fabriciosx,"RT @stratorob: I‚Äôve been following a woman around the internet. Turns out she was created by #artificialintelligence.

https://t.co/WHQ2Ulm‚Ä¶"
36,Fabriciosx,"RT @bururiah_essays: HMU for quality assignment help
Essay pay
Exams
Homework
Biology
Chemistry
Math'
Full classes..
Ecology.
Anatomy
#Mach‚Ä¶"
37,Fabriciosx,"RT @Editordon2: Pay us to handle your:
English
#essaypay
#Math
#Chem
#assignment due
#javascript
Algebra
homework
#Psychology
#WomenWhoCode‚Ä¶"
38,Fabriciosx,"RT @PythonLewis: Any ideas for stopping fake/spam accounts on a restaurant review website I'm building via Flask?
Front-runner is logging i‚Ä¶"
39,Fabriciosx,"RT @CodingPullingo: How to upload to S3 from Angular Project
#angular #technology #android #webdesign #code #website #web #development #pro‚Ä¶"
40,Fabriciosx,"RT @AccurateWriter_: Hello, do you need assistance with your homework??
Biology
Chemistry
Physics
Accounting
Physiology
Pharmacology
Bioche‚Ä¶"
41,Fabriciosx,"RT @corpus_news: The Pandas Workshop: A comprehensive guide to using Python for data analysis with real-world case studies

https://t.co/Md‚Ä¶"
42,Fabriciosx,"RT @Jessiessays: Top Writing Services
Dm
#FrontEndDeveloper
#DEVCommunity
#cybersecurity
#ArtificialIntelligence
# AI
#DataScience
#Machine‚Ä¶"
43,Fabriciosx,"RT @tutors_wisdom: Do you need help in;
#python
#homeworkdue
#chemistry
#Onlineclass
#Essaypay
#economics
#Statistics
#homework
#essaywrite‚Ä¶"
44,Fabriciosx,RT @DD_Wen_: Machine Learning for Time Series Data in Python. This course focuses on feature engineering and machine learning for time seri‚Ä¶
45,Fabriciosx,"RT @bettprofessors: Pay us to do or write your 
#Assignments
#Tests
#calculus
#homework
#Homeworkhelp
#Quizzes
#Onlineclass
#essayhelp
#Ess‚Ä¶"
46,Fabriciosx,"RT @ramsatt: How to upload to S3 from Angular Project
#angular #technology #android #webdesign #code #website #web #development #programmin‚Ä¶"
47,Fabriciosx,"RT @Randy_B7: Day 4: In to real programming my friends. 

Some of you may be but scared of C but don‚Äôt be. Just think of it as a game and s‚Ä¶"
48,workingbnb,"RT @AcademicsAplus: Feeling stuck with your assignments? 
class kicking my ass?
pay assignment?
pay essay due?
research paper?
pay term pap‚Ä¶"
49,BoBeggins,"RT @dbarashev: –ü—Ä–æ–≥—Ä–∞–º–º–∏—Å—Ç, –∑–∞–¥–µ—Ä–∂–∞–Ω–Ω—ã–π –ø–æ–ª–∏—Ü–∏–µ–π –∑–∞ –ø–ª–∞–∫–∞—Ç ""–ø*—Ç*–Ω –≥–æ–≤–Ω–æ"" —Å—É–º–µ–ª —É–±–µ–¥–∏—Ç—å —Å—É–¥, —á—Ç–æ –∏–º–µ–ª –≤ –≤–∏–¥—É —è–∑—ã–∫ –ø—Ä–æ–≥—Ä–∞–º–º–∏—Ä–æ–≤–∞–Ω–∏—è python. –°‚Ä¶"
