,Tweet
0,【感動】フィリピンの政治家と陸軍中佐の国を超えた友情【ゆっくり解説】 https://t.co/K7MQHuMvM1 @YouTubeより
1,私も自分の子供なら、どんな手使ってでも助けたいと思うけど、政治家が本当に助けてあげて、協力してあげて、って思うなら5億くらい出してから残り4000万募る位の気持ち見せて欲しいwそうじゃないなら偽善だと思うなぁ、実際財力的には出来るだろうしw株上げなんか？w https://t.co/EA1gJ3RlRl
2,今まで政治に関してほぼ興味もててなかったけど、岸田だけは親子そろってとっととやめて欲しい
3,@rei0plus_0 ボクも去年の旭川事件を知るまでは共産一筋でした。政治家が嫌いだったからです。しかし 数ヶ月仕事と食事以外の時間すべてをつぎ込んで事件を調べるうちに 原因は反国家集団にあるという結論に至り、考えを改めました。
4,政治に非ずして、学者
5,@CYXuAxfGlfFzZCT 本当なぜこの団体が政治に関わっているか謎😱
6,融資と投資と寄付の違いが分かっておらずごっちゃになっている人が政治家でも多いんですね。ファイナンスをよく勉強された方が良いのですが債権と株式投資は前提条件が全く違うのです。「無い袖は振れない」という前提で堂々と融資を受けた人は詐欺です。それなら投資にして貰うべきなのです。
7,@kamo_kue2 政治屋ですしw
8,"自分が罹患した時に軽症で済んだ体験から緩和してるとしか思えんな
やっぱり政治家は科学リテラシーないとあかんわ https://t.co/Sl0imTUjmW"
9,"@KOKAMIShoji 教育と政治の思考停止
同調圧力の成れの果て日本"
10,"少しづつ後追い視聴中。

吉村さんの教育無償化所得制限撤廃。

いいことだけどあんまり心に響かないな。

だってほとんどの人は貧乏人なんだものｗ

#あだトーク 第１６回 生田さんと足立君で政治のイノベーションを語る #生田よしかつ #足立康史 #あだち康史 #あだチャン
https://t.co/RFlwSr75EJ"
11,"ジャンプ＋プロモーションでアーニャが「ぜんぶくろいせん…！」って言ってるけど
なんだ、政治家の報告書かと思ったわ"
12,"@ribrib010 私は貴方を批判しているのではない
貴方が私を批判したから
その理由を確認しているだけです

宇と露の紛争のことの何をもって、私がファクトチェックの結論を政治的信条で決めつけているとされるか、理由がさっぱりわかりません"
13,この法律が日本を｢生産性が低すぎる国｣にした  https://t.co/N7ViucIIjj 「政治家、エコノミスト、財界のリーダーたちの大多数は経済低迷の要因を、「産業構造」に結びつけず、ひたすら「労働者」へと押し付けています。このあまりに”残念な勘違い”を象徴しているのが、「働き方改革」です」
14,★非公開というものの参加した政治家から漏れてくるのは大使から「習近平の新体制がコロナ対策や住宅政策などで不安定なことを指摘して、この4～6年間に何が起こるかは誰もわからない。中国にとってもだ。米国は、挑発ではなく抑止力を発揮していく。近くにいれば憎めない。日米中が意思疎通を密に
15,"プーチンは史上最悪の政治家の一人だが、戦争に反対しないロシア人もプーチンと同罪だ。
世界はもっとウクライナを支援すべき。"
16,わからないけどTwitterは情報収集にしておきます。馬鹿でナチス、差別発言や家父長制度推進の女性政治家に例えられるような人間(でもないらしい、鳥とか🐎🦌その他社会毒、がん等)は有名で社会的に意識の高い人達にはいらないでしょう。ということで、これからもマイペースで行きます。→
17,"民主主義の体制のもとでは、政治の惨状をもたらしているのは、君主の横暴などではなく、まさに私たち国民自身の生活意識や生活スタイルであり、それらの政治意識への反映であるからです。

https://t.co/6D1VDltEuJ"
18,"というか虎の威を借る狐というか、政治家なんだから主張があるなら自分の言葉として言いなさいよ、と思った

江戸時代の「大権現様の遺訓」みたいなこと現代社会で言ってどうすんのよ"
19,西側諸国は現在、経済的、社会的、政治的など、多くの根深い危機に直面している。階級間の分裂が拡大し、二極化が進むにつれて、西洋社会はしばしばコンセンサスを形成するのに苦労している。同時に、政府は合理的かつ効果的な方法で問題を解決する方法を見つけることが出来ない。
20,#李旺阳#  李旺陽死了，他就“活”了，他的政治前途有救了。
21,"@new_kuranosuke @v100saikou @knightma310 平和念仏教徒
「そうなる前に外交努力で何とかするのが政治家の仕事だろうが！」"
22,"@ribrib010 貴方の言うミアシャイマーの主張とは何ですか？

彼は著書でどう書いてますか？

米国が宇に戦争をけしかけたと書いてますか？

彼の理論は国際政治の構造です"
23,"この矛盾よ。
誰が誰のため血をを流すの？
アメリカ兵が日本のために流すの？

可愛いわが子が日本のためと言って血を流すの？

近隣諸国の子供たちが日本の武器で血を流すの？

子どたちの血が流れないようにするのが政治家の勤めだろうと、私は思う。 https://t.co/RH67EFRydG"
24,杉田水脈氏も稲田朋美氏に「乗り換え」か 自民党内で「高市離れ」始まる？。自民党内で高市早苗議員離れが始まっているとFLASHが報じた。17日の杉田水脈議員の政治資金パーティで高市氏の窮状が露わになった。このパーティで杉田氏がぴたりとくっついていたのは稲田朋美議員そう(･∀･)
25,"神戸市民の皆さん。
これが真っ当な政治ですよ。 https://t.co/pJHw7RxJIa"
26,"誤字がありました、、、

ベンチャー周りにどう影響するかを

です😱"
27,ニュースステ―ションの司会者の男性は前から感じてましたが中国へ肩を持つ言葉をよく発してますのはどういう事か説明を下さい元々福島原発地震は起こされた事です何故政治家を含めテレビ局は３月１１日に地震が起きるから大阪府より西側へ避難しろと知ってる方々が言ったのでしょうか芸能人も知ってた
28,"自衛隊強化案に反対するなら政治家を辞する覚悟はあるの？
国防強化=日本国民の生命を守る。
政治の力で中華人民共和国と対抗出来るのなら口先だけでは無くし実行し結果を出してから言え‼️口先だけなら私も中国と戦える。 https://t.co/I25xKaC1hO"
29,【狼の義 新 犬養木堂伝/林 新他】昨今の政治家に、ここまで日本国家や国民の行く末を考えて政治を行なっている人がどれほどいるのかなぁ…と思った。後半、暗殺までの流れに読みながら腹が立った。 → https://t.co/KgXaoWVk4B #bookmeter
30,"労働者代表の首を切り、
落盤のせいで命を落とした女性が赤子に授乳してサボってたからだと呟く主任

こういう今ではあり得ない基準は黙っていてなんとなく変わったわけではない。
戦って勝ち取ってきたもの。
ノーを突きつけないと今の政治も変えられないと改めて思う。
#朝活書写 
#朝活書写_1168 https://t.co/EFGzLftCBc https://t.co/CDM1iF2YVv"
31,学術会議は有害無益な政治団体。 https://t.co/rWRSaAagZl
32,"国民の苦しみが分からない総理大臣
これが政治家のすることなのかね https://t.co/zPIyKT5q4d"
33,「音楽に政治を持ち込むな」と「(大衆)音楽こそ政治や社会について歌うべき」と。全然違う… #アシタノカレッジ
34,"日本にいる皆さんでJRや私鉄に嘆願書を出したりするといいと思います。他には政治家にあったときやツイッターでもリプするといいですね。

テクノロジーがあがって各国言語翻訳メガネとかみたいなノリであれば問題はありませんが、今のレベルでは不便なので利便性の問題から、主権者達が提言すればいい https://t.co/69Z2gbAW3U"
35,"@wanpakuten 自民党政権の中で開催すればこんなもんだろうよ

控えめに言っても最悪です。"
36,@edogawahanako55 「外交疎かにしてたら戦争起きるかもしれません。その時戦地に赴くのは政治家ではなくあなたの父や息子、友人かもしれません。」これは脅迫ですか？イエスかノーで。
37,"「茂木敏充後援会総連合会」ほぼ全額使途不明😱
https://t.co/dwGY3SE1o4
２０１６～１９年、使途不明支出が全体の約９７％
１億２千万円以上が不明金
政治資金収支報告書で分かった。"
38,"@_mikami1118_ @T_akagi そっちは、奴の専門分野だからだろ

いわゆる表現の自由

租税の専門家じゃないから、説得力持てないんじゃねえのか"
39,"金沢国税局の所長はすぐに退官させられ、今はどこかで大学の教授をしていると、風のうわさで伝わってきた。

しかし、関電の胡散な金の動きを見ていると、地域の有力者、県の公務員、政治家、そして、総会屋や、暴力団、やくざが浮かんでくる。が、そこで行き止まり。"
40,原発運転員の多くは、きちんと安全に気を使っている。でもほんの一部の意識の足りない作業員とかぽこぺんな会社幹部とかすっとこどっこいの政治のトップがいれば、事故は起きる。ぼくらが生きてる間に事故が起きなければいいってことかな。政治家や社長は、そのはるか以前に、任期が切れる。
41,"政治家、多くの医師、マスコミ

みんなグル😎 https://t.co/hqP2b1A7F9"
42,Ｑ　国家に関する理論として、「一元的国家論」を述べたのは誰か。２人述べよ。　Ａ　ヘーゲル　ボーダン
43,政治ネタ関係なく、この2人はここのところ仲悪かったし、ニールがグレッグローリーにリユニオンの話という報道は以前あったし &gt; RT記事
44,"れいわとか、共産党とか、
左翼の人って、財務省のことどう思ってるんだろう？"
45,"高校の時、アフガニスタンから
同い年の女の子がうちのクラスに
留学に来たんだけど、
選ばれし留学生ということもあって
本当に頭が良かったな

彼女のように、優秀な女の子は
たくさんいるのだろうけど、
時の男達の政治に振り回されて、
進学の道が閉ざされたり
人生が狂ったりするのが本当に悔しい"
46,@konotarogomame できないことをできるようにするのが政治家(あなた)の仕事
47,"「『無罪推定の原則』だから、大内さんの主張だけではなく、谷さんの主張も聞くべきだ。」「裁判所の判断を待とう。」なら、私も同意します。

ですが「無名の劇団員の売名行為の可能性がある」と言うことは全く違うことだと思います。

この違いがわからない方は、政治に携わるべきではありません。"
48,片岡氏曰く、増税や金融引き締めの状況ではないのにそういう話が政治家から出てくるのは、経済状況を理解してないのでは？食料品価格が何回か上がったが需要は落ちてない。値上げできる環境になってきている。来年は、企業に賃上げの動きが出てきて、デマンドプル型インフレになるかどうか重要な年。
49,@Hayashi21yoko 高額な医療保険料を徴収しておいて、全く無策な政治の被害者です。人災ですね。
50,政治の世界は「丁寧な説明」と言っておけばいいのかね。どいつもこいつも。 https://t.co/qWS2VmlKgJ
51,@79XLRUkyCPzM0V7 @a_khnt @chidaisan @ysakurada ?政治家なんですか⁉️
52,"ああはなりたくない！！！と海外が嘲笑。

経済、政治の巨大失政の連続！日本のジミントー！
世界に晒しまくる無能！腐敗、カネ漁りだけ！

低知能の自民党支持者！

「野党よりましぃ~、ローン金利が上がると困るぅ」

(街角インタビューの無能そうなサラリーマン)

https://t.co/uKvb1WMUvp"
53,"岸田は信念もないし、世論も見極められない空っぽのノンポリ。安倍さんは、経産省内閣といわれながらも世論気にして原発推進を止めていた。岸田はいわれるままにやってるだけ。

まれに見るクズ宰相ですよ。 https://t.co/tL5u4XiLME"
54,と、政治的なツイートが増えてきているこんにち。苦手な人はフォロー解除ミュートブロックを推奨します。
55,@sharenewsjapan1 更地にできない理由なんて政治家にはわかんないだろうな。
56,政治家、大企業のSDGs、LGBTQ関連の重要視してますアピールは信用しない。たぶん彼らは商売のネタとしてしか考えていないから。本当はアピールするまでもなく当たり前の事柄なんだよ。
57,@matsudamanabu 政治活動は禁止のはずなんだけど、倫理法人会はいい加減な団体なのかな https://t.co/H929unZfb0
58,"@shingo19580312 森義朗暴言集

①日本は天皇中心の神の国
②(政治に興味のない人は)、寝ていてくれれば良い
③(浅田真央氏を指して)、あの子、すぐ転ぶんだよね
④女性の多く入る会議は、時間が長くなる"
59,"@exY4WHwJBP8NimA そうですねー、そうらしいんですけども、
実はそれは結構後（ここ数年）になってtaleができた後付け設定なんですよね( ´∀｀)
とはいえカルキスト絡みは非常に設定が生々しく（カルキストだけに）作られていて、とてもおもしろく読める作品群ですな。初期のシトラ・アキュラや三頭政治は燃えましたし→"
60,"🇨🇳Depending on the quality of pro-China politicians in your country, unfortunately, the ranks of honey traps in China can change extremely. 残念ながら、あなたの国の親中政治家の質によっては、中国におけるハニートラップのランクが大きく変わる可能性があります🐽
https://t.co/zH8YmPjdbm"
61,"【恐怖政治】
ジャコバン派による独裁体制のこと。
民衆を大切にし過ぎてブルジョワジーをないがしろにしちゃったんだ！！"
62,"手遅れ。
もたもたしてる間に次のステージに移った。
一般国民の一部にすら、自らの生命を懸ける人が出始めている。あなたの政治家としての価値はあるのか？
政治家は命を狙われるくらいに真剣にやって頂きたい。

安倍晋三氏のように。 https://t.co/PXJA9hFwmW"
63,"@ohtsubakiyuko @martin19191 こういうのは（党派性や思想信条抜きにして）徹底的に訴えるべきだと思います。本件については応援しています。

最近少し気になるのは政治家から（特に与党の）訴えられて、スラップだ！と叫ぶ一般人以上の方々。正当な訴えとスラップと境界線はどのあたりにあるのでしょうかね…"
64,"もう、無闇矢鱈に、政治家のポスター

貼らん方がいいと思うに

どれ、張っても、全部不正解(｡ρω-｡)ﾊﾞｶﾄﾞﾓｶﾞ"
65,"政治家かから野心と私欲を切り離すことなどできない。政治自体が「汚い」行為であるがゆえに政治からは無縁の「国家元首」を設けることで独裁化を抑止する体制が「立憲君主制」だ。

「政治」も「大人の世界」も汚いがゆえに成り立つ存在だ。若者はその現実を今のうちに噛みしめるがいい。"
66,「モラルハザード」セーフティネット・社会保障の充実によって社会的弱者の生活保障を高度にした結果、今度は人々がその生活保障をあてにして自己規律を失い、自ら社会的弱者に転落することを回避しようとせず、社会的弱者が増え続けるという問題・現象。最終的には社会保障制度自体の破綻を招き得る。
67,国際関係論じゃなくて各国政治を見ている人間としては自由世界の防衛というテーマを各国政治の2レベルゲームの中で維持可能なスローガンと政策に落とし込んでいくことが必要だと思う一方で、その2レベルゲームの内政側の抵抗勢力はまさにお前らじゃねーかという苛立ちは否めない
68,"欧米の法律では、統一教会の政治家支援は何か違法になるのだろうか？

日本に連れてきたのはCIAらしいし。
国際的な民主主義国での価値観からは日本の位置はどうなっているのかは、これについてもマスコミが機能せず閉じてる世界なので一点突破して欲しい。
#週刊現代
にまるなげ。
日刊じゃなく？"
69,@FluorescentPuff ちんちんないなった
70,"７８才です
世の中の役に立つ為と教えられました
でも今の政治家達を見てるとネェ😢
願わくば物事を正しく判断する為の
教養であって欲しいですね。
自己形成っていうやつですか？
「物心両面豊かな」人生のために https://t.co/CeTktgfX1n"
71,"なんだろう、マトモな政治家を作るスキームが必要とされてる気がする。
そうでないと、ゴミクソ野郎どもの中か、1番ましなクソ野郎を選択せざるを得ないというとても苦しい状況になっちまうのか…"
72,"@ozawa_jimusho 政治家アルアルでは？

公約は選挙で当選するため。
当選したら言葉撤回。
政治家にしかできない言葉の撤回。"
73,"どうしようかな？
また、新潟県職員に採用された。
政治から離れるか？
民主主義原理に乗っかるか？
まあまあ、民意はどうか？
愚民よ、覚醒できるか？
オラ、わかんねぇ？
虚しｨ😱"
74,マティアス・クライン他「財政緊縮は政治的分断を引き起こす」（2022年12月15日） https://t.co/Z0MdFH4aZl (経済学101)
75,@himasoraakane どっかの政治家さんと違って行動で示す一般人男性
76,"出たよ、出たよ！
その場凌ぎの行き当たりばったりな
the 自民党

福島でメルトダウンして放射能汚染してもまだ懲りないクソすぎる政治家

10年稼働してない期間に動かしてるより激しく老朽化するっしょ
アホなこというなという話

#Yahooニュース
https://t.co/SBVsAJ83Da"
77,"@ISOKO_MOCHIZUKI @ArcTimes1 A国とB国どちらが先に攻撃したか…

その後百発.1000発.1万発撃ち合って
最初の一発はどんな正義であろうが

最初の一発を撃たせたことが戦争を始めたことであり両国民の生命は抑止の為の殺人兵器でまた死んで行く。

抑止論の軍拡の【お花畑】に住む国民を守る為に先に撃つ勇ましい政治家像に酔う馬鹿"
78,"@matthew_hide @Bravest01 政治家としてふさわしくにゃい〜！ブヒ〜!!
（立花党首のモノマネ風）"
79,"@YS0fclc9xvER9Bm @GOBURO 口から出まかせとは？？
死文化の意味が分かってますか？

死文化とは効力を失ったと言う事ですよ？疑うなら辞書で調べてみては？

中露は旧敵国条項を盾に攻撃なんて出来ないんです。

リスクとは中露が拒否権発動することです、政治的要因で条項内容に関係なく西側の提案を拒否する可能性です。"
80,"祖母。日教組出身、清美、みずほ支持者。
普通の日常生活を送っています。 https://t.co/LTxmmBt63E"
81,"@no17_ren 最近、政治家のバカな話ばかり耳にしてるから

やっぱり、猫たちの方が人より上の生き物なんだなとつくづく思います

害でしかない生き物が上なわけないですねぇ"
82,"今年は忙しかった。というか今が1番忙しい😢
もうちょっと残業減らして政治へ向き合う時間が欲しい。"
83,3月の国際政治チャンネルをたまたま見てその場で有料会員になったのが、今年一番良かった買い物だったのかもしれない。今年最後の国際政治チャンネル、メチャクチャよかった。杉雄先生、あんなにお顔を真っ赤にしながら、どの発言を取っても全部凄いの、凄いなぁ。最後のぶっ込み一言、痺れたなあ…。 https://t.co/BeXDsp5kUB
84,@t2PrW6hArJWQR5S 国民もメディアも政治も機能不全
85,@by_1984 当たり前。いまだに敗戦国扱いされる覚えはない。こんなものをまだ覆せないのも政治家の怠慢。
86,"#原発
岸田政権！「話を聞く政治」だったはずが蓋を開けりゃ、なんなんだーって思うぐらい、どんどん勝手に進んでいく。マジで日本はこの政権で落ちるとこまで落ちて、世界から置いてかれるね。"
87,"政治資金の違反でやめたけど。誤魔化して集めた金の使い道は遊興費。
払った方もがっかりだろうね。
＃議員辞職。"
88,"@gerogeroR 自分たちの思想に合わないやつが殺されたら、本音がバレていても隠すべき。
隠さずに喜ぶやつらが「平和と民主主義に反する政治家が殺されてOK」という受け止め方ってもう大矛盾。"
89,もうね、納得です。もう25年以上も前、旭川で修習生してた時に、玉置浩二さんに縁のあるフォークギター弾き語りのバーに仲間と入り浸り、私も夢を語ってたわ。その夢には政治家の選択肢なかったけど(笑)。#SONGS
90,"@UME_CombCha5959 ですね、そしてその政治家を親たちが選んでる訳ですからね。

ロクでもないです。"
91,「天国はすごくいいところらしい。 だって、行った人が誰一人帰ってこないのだから」by 不明
92,@hiroki_kamei 政治家の脂っぽい汗が顔や頭皮から出ているのを見るとやはりゴムはないなと思ってしまいます。よく言う岸田さんの首の線も上を向くと消えるしただの皺ですね。
93,"【速報】原発政策を正式決定　運転期間60年超に延長　建て替えへ方針を大転換(テレビ朝日系（ANN）)
#Yahooニュース
https://t.co/152UPEKUz0
安全なら政治家村を作って皆んな住まいさせればいい。
延長の理屈より全体に理解得られる案だろ？"
94,"【中学社会83】＜歴史　２内容＞
(5) 近代の日本と世界
オ　第一次世界大戦の背景とその影響，民族運動の高まりと国際協調の動き，我が国の国民の政治的自覚の高まりと文化の大衆化などを通して，"
95,#アシタノカレッジ　　エンタメの人が政治社会に関心を持っても日本の場合「エンタメと政治社会は切り分けろよ」という消費者が多いのが・・
96,"まあキャラクターが使えなくても言論そのものが禁じられるわけではないとはいえ。
「非政治的で国際な場としてのオリンピック」という理念がブラックパワーサリュートを排除したような事例も視野に入れて考える案件だと思う"
97,"私の判断において、保守政治家に改めさせて頂いております。昨日のBlog記事を丁寧になぞっており（まだ途中までしか聞いていませんが）綺麗なまとめ方だなぁと思いました。

やっぱりおかしいと思う。"
98,「平和を良く思わない人がいる」。※それは平和では儲からない産業の人たち(軍需産業やその周辺企業)や、諍いがあった方が、自分たちの権益や権力を行使出来る人たち？。※経済界だけでなく、政治家にもそういう人がいるだろうな…。※メディアは大丈夫か？。#アシタノカレッジ
99,"@No5670226 ウクの代理戦争もユダヤ系の財閥と米の資産家が動かしていたみたいですから、想像以上に闇は深いのでしょう。お金は人の欲を駆り立てるのに、絶大な効力を発揮してますね。政治家、医者、メディア、大企業…。
日本人は平和ボケ過ぎて、他国の綺麗なとこしか知らなかったのですね…。"
100,政治家先生の待遇良すぎるから庶民の感覚ないもんな #WBS
101,"W杯で「人権問題」に声を上げたのは選手たち　ロシアに対する出場停止処分も〈AERA〉(AERA dot.)
#Yahooニュース
https://t.co/NTMfKDuvFg
そういう場でどうこう言うのはええけど政治をスポーツに持ち込むなってどんだけ言わせるんだ。政治アピールすりゃ10点ぐらい入るならみんなやっとるわ。"
102,なんでこんな思想を持った方が当選する？政教分離の徹底って共産党と同じこと言ってる。ヤバイでしょそれは https://t.co/XzeXWQVdFh
103,@EmikoT14 景気はどんどん悪くなり、そのうえ、増税のはなしもでてきている！格差は広がり、貧困は増え続ける！マリーアントワネットたちに政治はまかせられない！れいわの出番です！ピンクの大地に変えよう！ https://t.co/O1E4mZ3NpR
104,２０２２年１２月２２日（木）「力の政治」 https://t.co/cRYaMSdVmH #gooblog
105,結局政治家なんて人事なんだよな、あいつは、安倍の密偵だもんな。
106,【岩田温】「日本人という事実が恥ずかしい」真木よう子さん、いい加減にしろ。【切り抜き/政治】 https://t.co/R0o2jwzMCA @YouTubeより
107,@nhk_news 過去の全てのスキャンダルと、政治活動資金の出所を暴いて下さい。
108,"サッカー世界ランキング 日本は20位に上昇 アジアでトップに

この辺りが今の日本の実力。

プロ化から約30年、W杯の初出場から24年

7度の出場からベスト16は4回

上出来と思う。

サッカー界は明るい未来。

この努力を政治も心底やってほしい。

恥ずかしくないから。 https://t.co/v9K9iUVV6L"
109,@K1KCPGhe91LSae3 う～む。😔
110,"【国会中心主義】 行政権が立法権よりも強くなる場合には、その政治組織はそれだけ独裁主義に近づいたことになる(第13章,3)  完全版→https://t.co/FYqFEgOM9O #民主主義,#国会,#独裁,#独裁主義 https://t.co/Hfamw064lt"
111,@sharenewsjapan1 本当ならエライ話だが…。政治家達はしっかりと追及できるかな？いつか立場が逆転する可能性を恐れてﾅｧﾅｧにするのでは。流れ的に引き入れた側に重い責任がある。
112,@MIKITO_777 こういうまともな政治家が増える事を切願うばかりだ。
113,"俺も今汚い爺いたちに《はめこまれ》ようとしている⋯⋯
これが噂の社内政治ってやつか。"
114,"山本太郎が小沢一郎の政治とカネについて暴露 https://t.co/vsncvesYqY @YouTubeより

小沢さん(最後かどうかわかりませんけど)もう一仕事れいわと一緒にやらないかなー"
115,"""自民党政治を終わらせよう""なるハッシュタグがトレンドですが(&lt;いつもの)、終わらせるべきは『古い政治の""お作法""なり""悪しき繋がり""』、そこに党派や左右etc.は関係ない。自民維新だろうが立憲共産(無論他政党も)だろうが""平等に""評価し裁くべきです。"
116,"まぁでも芸能人やミュージシャンが政権批判すると「芸能人やミュージシャンは政治的なこと言うな！」って言う奴らって、スパイファミリーがマイナンバーカードの広報に使われてることについてはなんにも言わないよな
#アシタノカレッジ"
117,長崎はろくな政治家おらんな
118,"少子化と言われるけど自分の職場では、産休が続いててるうえに、友人と妹にも来年子供生まれるよ

知ってるだけでも、5人も！
元気に生まれてきてねおばちゃん君たちのために税金払うから

だから！よろしくね！！政治家さん達よ！"
119,"自らが反社会的勢力の典型的人間と自覚している国賊・安倍晋三−−−「反社会的勢力の定義曖昧」−−−と閣議決定！！
オツムが良すぎる！！
賛成した政治屋どもも🦌🐴！！"
120,4件のコメント https://t.co/uvBZWrud94 “フジテレビ、政治部記者が岸田政権の総理周辺を籠絡か : 市況かぶ全力２階建” https://t.co/HptoAYfTww
121,"セーロン・マスク
「政治的なツイートがウザいなと思ったらブロックすればいいじゃない」"
122,"政治家の方をアイドルみたいに推しで
とらえるのが自分の中ではやっていて
やってたんだけど、中年男に色々と
されまくって意味不明な状態になり、
追っかけ的なことは終わった。"
123,@chiharu81 上司の指示で福岡出張してたのに、勝手に自己判断で出張したように言われ、上司が、社長に許可もらったうえで指示出してますよって言っても、記憶にないとかアホな政治家みたいなこと言ってるし。
124,政治以外は分はわきまえてる
125,"@izumi_akashi そういう老害は早く御隠居なさった方が良いですね。そういう時代じゃないので。
そうしたのは貴方たち政治家だ。
と言いたいですね。"
126,"#自民党に投票するとこうなる
#自民党政治を終わらせよう 

国会議員を20年以上やっていても「政治センスがない」と言われる人間が総裁をやっている自民党にまともな政治ができるわけがない。。"
127,"休みはぶち抜いた
飛行機もとった

待ってろインドフランカー

安倍さんの遺影作って持っていくか"
128,１、すべての増税に反対することを約束してもらう。２、規制を減らすことを約束してもらう。シンプルに、この2件を政治家の皆さんに、しつこくプッシュしましょう。これで政治が変わります。
129,@Weiye0227 政治英一拼拼
130,"@kottur_lover22 はい。
更に、作りたくなくなりました。
https://t.co/pIdJ2SDBY9"
131,"編み物が好きで、政治的なブラックユーモアで爆笑しちゃうけどおっちょこちょい🎶🎶
腹が出てるだけの可愛い女の子なんだ🎶🎶🎶🎶🎶🎶"
132,岸谷総理は原発や原子力を軽く考えているんだね、政治姿勢がそう浮き上がらせてる
133,ウヨに言わせれば「国からお金をもらっている学術団体は国の方針に盾突くな」と言いたい訳ですな。 https://t.co/GYr7Y4gwln
134,"FNN、FNS、フジテレビ、フジテレビ系列、フジサンケイグループはいらない。今すぐ消えてなくなってもらいたいです。
自民党と公明党、維新はいらない。自民党と公明党の政府はいらない。安倍.菅自公政治、岸田自公政権、岸田文雄はいらない｡今すぐ消えてなくなってもらいたいです。今すぐ政権交代だ｡ https://t.co/lBh7Kns1Ab"
135,"「大村入管で重傷」一時歩行困難に　元収容者が国を損賠提訴(毎日新聞)
#Yahooニュース
https://t.co/qDQ6trYIgH"
136,"むかしの政治家も悪党ぞろいだったが道路やトンネルなど人の役に立つ物作ることはしたぞ
今の政治家はてめえの懐に金入れることしかしねえ
ゴミクズみてえな奴らばかりだ"
137,"@oharan 出来上がった物がすぐに納品しちゃいけなくてしまいにはキャンセルになるかもしれないなんて自社に置き換えてもゾッとします。
特殊性ばかりに目がいってAV企業だってイチ業種である事に政治家達は気が付かなかったのでしょうか😟"
138,"金堂本尊木造薬師如来が造られたのは、天然痘が流行っていたり、政治も荒れてしまっている頃だったらしく、だから厳しそうなお顔をされているのだと教えて頂きました。
堂内撮影禁止だったので、外観のみお写真頂きました。"
139,@Naranoharu 僕は香芝で幼少期から育ち、今も香芝に住みつつ大阪で社労士業を営んでいます。友人や地元、そして働かれている方々の声を聞く中で感じた課題を解決したいと思い政治活動を続けています。県や市に役割の違いはあれど、香芝の皆様にとって日本維新の会の清田が一つの選択肢になれる様努力していきます。
140,@KS_1013 国際政治chに出たかったのでは？
141,"国会、政治家の答弁の原稿とか官僚が頑張るのだけど、
如何せん過密スケジュールでかつ会議が長すぎるしダラダラなのよね

そりゃ寝るよ"
142,"日本の馬鹿共も弱者批判するんじゃなくて
政治家や権力者強者批判しろよな
弱者批判したってなんも変わんねえし
それこそ政治家共の思う壺だろ
それでも弱虫ばっかだから怒りを
弱者にしか向けれねえんだろ。
ゴミクズが。"
143,@donnnamonjya_tv 政治家ども
144,"政治のことよく知らずにかつ政党や議員を支持してる個人を冷たい目でみる人ってどういう神経してるんすかね
そのわずかな人類の黄昏に楽園を享受したいのかな"
145,"@konotarogomame 「政治家からの寄付」はNGだけど
「政治家からの寄付呼び掛け」はOKなのか

被災地とかに送る義援金とかたまに見るけど個人が対象でもいいんだね

政治家に限らず発信力のある人は偽善でも何でもいいからどんどんやって欲しいね。"
146,政治家だお #小村寿太郎てゃんかわいい
147,"安倍政権は多くの罪を犯してきたが、一番の大罪はバカにもできる政治を広めたこと💢
今を見れば納得。 https://t.co/Ev7EkfT0R3"
148,"政治とか国とか言う前に
まず自分自身をどうにかしないと。"
149,@490709y 政府や政治家を批判するだけではなく、考えてみよう。国民にも政府と同様の責任があることを、しっかりと胸に刻もう。
150,"インボイス制度は止められない？
日本の政治の主権者は市民です
市民の過半数が声を上げれば政治は変わります、この政党のように！

#ボイコット大作戦 

#STOPインボイス 署名募集中
https://t.co/orbTZZinEf
#立憲有志、#日本共産党、#れいわ新選組、#社民党 https://t.co/yHTrVyFMoh"
151,政治的スローガンとか、思想とか、さういふ痛くも痒くもないものには、人間は喜んで普遍性と共有性を認めます。毒にも薬にもならない古くさい建築や美術品は、やすやすと人類共有の文化的遺産になります
152,"政治家じゃないんだから一回の失言で殺そうとしなくてもいいじゃないか
というと政治家なら殺していいように聞こえる"
153,旧統一教会関連議員も政治的に弔えばって思う。 #NHKジャーナル
154,"「世界で
　何かを変えたければ

　まずは
　自分が
　変わらなければ
　なりません」

by マハトマ・ガンジー
　【インドの政治指導者】"
155,このアジア人口事情視察は、その後の日本人の人口分野における国際協力を大きく前進させ、また私にとっても、政治家としての使命感を改めて植えつけられたという意味において、画期的なものであった。〔佐藤隆『人口・開発・食糧を考える』より〕
156,そう思いたいところですが…政治を変えないと何も変わらない😭 https://t.co/4plmBBe8tj
157,ですね。
158,"やはり､政治と宗教が一緒ではいけません！
そもそも､宗教とは言い難い団体(カルト)に限って､自分たちの都合のいいように変えようと思って､政治に関与してくる
すでに､一部､変えられた弊害がある
それは､ストーカー規制法である
怨恨や逆恨みは､対象外
#集団ストーカー
https://t.co/ThnFXDHWdb"
159,山本先生のNHK講座、政治的なるもの第2回、見るの忘れてた…
160,"この物語は ある政治家から始まる
彼は若くて野心家だった
深く神を信じる保守党員でもあった
だが こうと決めたらルールなど一切無用
#V_for_Vendetta"
161,"【長崎】新大工町商店街振興組合が長崎大学経済学部の移転反対(長崎文化放送)
#Yahooニュース
https://t.co/RbfpyEddFp"
162,"岸田政権は廃止が決まった原子力発電所を建て替え、運転期間を現在の最長60年から延長する方針を打ち出しました。エネルギー政策の転換となります。

https://t.co/D7X3Gj2S4m"
163,"選挙は否定してませんよ。
参入障壁が高いから政治家になろうとする人間を増やすことがず、競争原理が働かないことを批判しています。 https://t.co/4VX9C3AW7x"
164,@tachibanat @YouTube 国政政党の党首として、覚悟と責任を果たすべく迅速かつ明確な見解を発信出来る能力、自身の決断に対して発生した問題から逃げない政治家の姿が深夜の動画の中にあった。覚悟を持った人間の言葉を姿勢を見るのではなく感じて欲しい…
165,"12/21(水)放送の菅義偉 前総理が出演されたBS11「リベラルタイム」の見逃し配信が放送終了後2週間限定でされているようです。

リベラルタイム「菅義偉前首相に聞く！『決断の政治』」
ゲスト：菅 義偉（前首相）
「決断の政治」と題して、菅内閣の足跡をたどります。
https://t.co/baxSANGyPM"
166,"@041105290523n 小麦入ってましたね😑
醤油って小麦なしじゃ成立しないって事…ガン患者は、醤油はダメなんだ…🫠

また調べてみようかな。
この調べる行為が後回しになるので食生活がすぐに変わらないといいますか😅

子供のうちから、食育身に付ければ最強かも知れません。大人になってどれがいいと調べるのツラいw https://t.co/wbv6Lf2tAr"
167,"BUCK-TICKの話から政治の話しまで。
色々話ができる仲間はありがたい。
そして、次は武道館で！と来週の約束もできるのが良き。"
168,"増税大好き岸田総理に議員税を導入してもらいましょう。
居眠りや仕事をしていない政治家を対象にとる形で https://t.co/U0WKB7z7zy"
169,"環境保護を建前にして環境破壊を繰り広げる太陽光発電そろそろ止める様にしてくれよぉ
ソーラーパネル言うとる政治家や大企業の人達はどうせ環境保護なんて見向きもしてないやん https://t.co/syfkDRvB2k"
170,"オレは.政治的な主張を する も しない も本人次第と思う。

リリースおめでとう！！ https://t.co/3itVSlJChO"
171,年収500裕福なら日本の政治は間違ってる
172,@Dgoutokuji そういう事じゃないと思う。政治家は365日美味い飯食っちゃいけないのか？
173,&lt;自由権&gt;18世紀的権利、「国家からの自由」=消極的権利
174,古い政治のゴタゴタの結果とかなしの国民と同じ民族出身で神話から連なる王を冠してるってかなり稀有でありがたいことなのかもしれないな
175,『大学入試共通テスト政治・経済集中講義』 24分 https://t.co/4KXhwOaTkO #studyplus
176,"防衛費増額には自衛官の給与も含まれているのかな？

自衛官は特別職国家公務員
政治家は特別職国家公務員

まさか増税して自分達の給料をあげるわけないよね？
#防衛費増額"
177,政党政治の崩壊　満州事変　二つの事件
178,@Teacher_Windowz マジで国民総出で日本の政治形態を一旦全て解体しよう。無駄な政治家と政党が多いからまず政党を二つだけにしよう。その後は残った人間でバトルロワイヤル、生き残りをかけて自分の政治家としての自己PRをし続けてもらおう。もし使えないなら国民投票で更に切ろう。歴戦の勇者を作って総理大臣にしよう
179,ないので、嫌われ者は迷惑だと思いますのでこれからも私からコメントはしない方が良いでしょう。裏で内海聡、白河三來、その他政治家、テクノロジー犯が悪口やプライバシーをまいてるか、私にそう思い込ませるようなガスライティングをコンスタントにしていることも知ってます。なので何が本当かは→
180,"@nanatubosi424 九州は、面白い政治色を持っていると思う。
沿道で小旗振るしぐさで。"
181,"@La_Rumba_Buena 共産党綱領の中に下記が記されている。
９　信教の自由を擁護し、政教分離の原則の徹底をはかる。

これやったら恐ろしい世の中になるよ。
共産党のようなことをおっしゃる"
182,議会制民主主義の形があっても、政治家に民主主義の理念がなければ、民主主義は独裁に変化していくんだと思う。 https://t.co/cs1NXz5uzd
183,これに続くツイートで「学校側が旅行業者と協議して」と自分で書いているのだから、学校側の都合でそうなっているのが分かっているのに、「政治家と繋がってる云々…」のまま拡散するの悪質ではないか https://t.co/CDKUVced3S
184,"歴史勉強したことない奴が日本の政治に関わろうとしている
やはり信用できんぜ共産党は"
185,@anonymous_post2 政治家特に安倍晋三は特殊。政治家の信念というえごで善良な官僚に公文書改ざんという大罪を背負わせ自殺に追い込む。大企業優先で下層社会を加速させ国民を貧困自殺に追い込む。社会学者で思想家の宮台真司氏との区別もつかないアホだらけ。
186,国民からすと日本政府(政治家+専門家)との戦争かな？それもジェノサイドレベルだな。14万とかとなると。 https://t.co/A48X3IvWxY
187,@XU3F8wI1Csm5HQ2 ウクライナ国に＜９条＞があったとして、２月２４日前までにロシアのプーチンとどんな話ができたというのですかね。湯川さんて外国通のはずだけど、政治に関してはやはりシロウトですな。
188,@chrish44447257 @ryukyushimpo 沖縄ヘイターらは大概、米軍の下僕のようである。だが下のヘイターは機械的に翻訳したように不自然な日本語だ。政治的な臭いがする。 https://t.co/XpcMB2tcVY
189,@iWaFDUeWUTuqm9L 政治的より私が政治家になって愛護法とか変えれたらなーと夢見ながらボラ活してます。
190,"@mitsuhide510 反対された方々は批判を避けたい、「不安に思う人がいるから」だと思います。
正しく導くのが政治家であって損得で多数派に合わせるのは政治“屋”だと思います。

先日、私の職場は忘年会で
子ども達には見せることが出来ないほどのどんちゃん騒ぎでした。
子どもは大人の奴隷なんでしょうか…"
191,こういう時、政治家なら不眠不休で対応しろ。現場では、やってくれているんです。
192,橋下みたいな奴を政治家にしたらアカンという事。 https://t.co/qETrDSl0mj
193,@an_eternity86 あっつさんに嫌がらせをしているアカウントを見ると日の丸アイコンの輩が目立ちますね。害オタとネトウヨ、アンチフェミとの親和性は非常に高いのだと思います。
194,@SaYoNaRaKiNo 自党潰しの達人、悪夢そのもののアベ政権誕生の最大功労者にして最大の「政治オンチ」野田に似てきた泉。泉が立憲の代表になったせいで、党勢縮小し、ついには　＃最悪の選択肢でしかない維新 に接近。泉を代表にしている限り、野田譲りの政治オンチぶりを泉は発揮して、立憲の党勢をより力なきものに
195,○２ 　前項の目的を達するため、陸海空軍その他の戦力は、これを保持しない。国の交戦権は、これを認めない。
196,国際社会は日本だけに被害と駆除責任を押しつけたい。この国の政治家がその圧力に勝てると思うか？
197,@higashi_kokuba 権力にしがみつかなかった政治家としての生き方は良かったのではないかな
198,"@katuyuki481210 ありがとう〜
皆んな幸せになってほしいです
日本の四季も文化も日本人も大好きだけど、ずっと居たくない💦
と言ってました
美しい日本を駄目にしてるのは政治なんですよね...😭"
199,@kikumaco 歴史上、どんな政治体系でも増税で景気が良くなったためしはありません。むしろ楽市楽座のように(あれは税金ではなく地主や寺社の場所代や手数料だけど)掛かる経費を免減する事で経済は活発化します。経済が好調なら勝手に税収は上がりますしね
200,【ようこそ実力至上主義の教室へ0/衣笠彰梧 トモセシュンサク】ホワイトルームがなぜ出来たのか…政治家であった清隆の父、篤臣の野心から全てが始まった第0巻。幼少から辛苦を味わい、頂点に立つため冷徹… → https://t.co/5oOwCqsJ7c #bookmeter
201,"#報道ステーション　

もう政治家が劣化だよ。"
202,マティアス・クライン他「財政緊縮は政治的分断を引き起こす」（2022年12月15日） https://t.co/HJCJ74l5sU @econ101jpより
203,"茂木外相の政治団体、使途不明の支出が１億2000万円以上　全体の97%占める：東京新聞 TOKYO Web https://t.co/u9Xgpi3LwR

詐欺師"
204,"食糧の輸入依存を高めれば、日本の安全保障が揺らいでしまう。
国内の漁業、農業など、しっかりと国が支えなければならないのに。
政治が本当に劣化してしまっている。 https://t.co/fmPeYKNJ99"
205,@6kWJ3t59hTYt9KZ 成功するとかではなく、社会における、自分の役割として、政治を目指したそうです😺👍✨何となく、これからの時代っぽい考え方だと思いました❗️
206,"@kikitubuyaki ＞＞　政治家は自分らばかりが肥え太ってる一方で

こういう『刑務所の食事の方が豪華』に見える
粗末な給食を
育ち盛りの子供たちに食べさせて、
あまつさえ自慢している議員すらいます😔。

情けないとしか
言いようがありませんよね。

https://t.co/0ulN45Ra9r"
207,"【スロ】1964年にパレスチナ解放機構を創設し、その初代議長に就任した弁護士出身の政治家はアフマド・○○○○○？
→シュケイリ(Ahmad Shukeiri)

解放機構初代議長(1964-69)。パレスチナの礎を築き、次代のアラファトへ託した。"
208,堂々と打ち出せば良いのに、選挙で信を問う気が無いのが、政治不信を招いてるよね。#tvasahi #報道ステーション
209,@kuboki_0389 @FluorescentPuff ダイナミックエントリー人間おった
210,"@teateatea844 つい８０年前の教訓が生きてない様で…
政治家を国民が育てるてならないと
こっち向かないですよ
感覚がセンセイになっちゃうと
首相も国民が直接投票しないと組織票だけで
一国の総理決めちゃうのはナンセンスです"
211,"政治～

日銀「利上げじゃない」

・・・
・・・・・
？？？
訳の解らぬ事を言うておる、
利上げではあろうに（汗）

しかし、単純じゃないから、
物価上昇が収まる訳でもないので。さて。

＞日銀 長期金利上限引き上げ　黒田総裁「利上げではない」と強調
https://t.co/LjuCvrggvO"
212,"@kohakubisco3 もっと言うとエロが憎い人達を先導して、政治や公金を上手いことしたいヒト達がいるって事ですよね

いつも最初に放火する面子が同じですもん"
213,@goskytrip これは私も見たことあります！改めて考えると市長はおろか、政治家としての資質すら疑いたくなります。少しは応援する気がありましたが、年齢比較を平気でしてしまう人間には共感出来ることは一切ありません。期日前投票にあわてて行かないで良かったです。
214,"政治家が率先して原発の中に住んでみなさいよ。原発の定期点検も自分でやりなさいよ。外国人労働者まで騙したこともあったくらいで今じゃ原発の作業する人少なくなってるんだからね。
今すぐやりなさいよ。"
215,"親ガチャハズレっていう子供。
虐待とかじゃなくて、ちゃんと働いてるのに収入低くて、進学が大変な子は、親ガチャがハズレじゃなくて、政権ガチャがハズレだったんじゃないかと思う。
腹が立つなら親じゃなくて政治に怒りをぶつけなさい。マジで。"
216,@3h_aki 萩生田氏は、明らかに、日本と日本国民の謀叛人です。　そうなると、自民党自体が、謀反人の巣窟ですね。　是を放置すると、日本の滅亡は、現実のものになるでしょう。　人口が減っているのに、棄民政治を止めない政府を見れば、その事を証明していると、思いませんか？
217,"長きにわたり武器禁輸というくだらない自主規制を続けてきたのは政治の要求。それを踏まえて防衛産業の保護をするとなれば、当然自衛隊向けにしか製造出来ないので量産効果を十分得られず高価格化は進む。
他国より限られた条件で同じ事をするのは無理がある。
何よりそういう政治を国民が選択した。"
218,"@yuki_papa2021 このちゃんのご家族が大変な中でも頑張ってアクションして下さったお陰で、渡航移植から国内の移植の状況にも関心をもってくれる方も生まれるのですよね。
感謝の気持ちです😌

政治家の方達に届くように声をあげていきたいですね‼️
そして、本気で取り組んでほしいです✊"
219,@democracymonst 政治資金については今後もしっかりやりましょう‼️国民はみてますよ❗️
220,"「なんで？ 温暖化的影響！？」
「それ深刻すぎんだろ！ 日本終わっちゃうよ！」
「日本はもともと終わってるよ」
「いま政治の話はいい！」
(♯05)"
221,"政治は現実の調整、妥協だから、立民党との前国会共闘も是々非々ならば悪いことではないけれど、それでも改革の維新を支持した層は不安を持って揺れたところ。

妥結点はどこかと、僅かでも立民寄りに妥協すれば維新支持者の多くが離れるのが確実だから、今後の維新の党勢の方が興味深くて（苦笑）。"
222,"大雪での立ち往生、対策や備えはどうすれば？　ＪＡＦ「一酸化炭素中毒に注意」（産経新聞） - Yahoo!ニュース

「ＪＡＦは、救援を待つ間に排ガスの逃げ道だけでも除雪を行うようアドバイス」 https://t.co/c88fgk0PRK"
223,ワクチンは免疫力を無くす。何回ワクチン接種してもクラスターが発生するのは当然。DNAを改造する為ワクチン接種者を病弱にし媒体となってウイルスを撒き散らす。WHOも人口削減だと明言している。政治家のワクチン接種は演技。 https://t.co/QmL2QM9AwY
224,"そうはいっても、ほとんどの政党が固定の支持母体、支持層、支援団体に依っていて、無党派層の多くはまあ当たり前だが、非自民で反左翼。
経済、政治思想でいえば資本主義、自由主義で、経済恐慌や戦争などの非常時でなければ左翼政党に顔を向けることはないからなあ。"
225,鈴木エイト氏が語る、自民党と“統一教会汚染”「政治家の人権侵害はカルトよりひどい」 | bizSPA!フレッシュ https://t.co/er5Bpu1PBk
226,"医療費100万ドルを一般民間人に求める病院や医療システムを、おかしいと微塵にも思って変えようとしない政治家や国のトップって怖いよなぁ。

コロナ後遺症、パンデミック以上に警戒必要－呼吸器以外にもリスク https://t.co/fso7PKDDj2 @businessより"
227,"""統制的国家において、科学はいかにふるまうのか？""： スラーヴァ・ゲローヴィチ/ 大黒岳彦 訳/ 金山浩司 校閲・解説『ニュースピークからサイバースピークへ　ソ連における科学・政治・言語』 https://t.co/V99rfbKF6B"
228,"@iroiroshiritaia はっきり言って、今のままでは今までのノリで公認なれちゃったー(´&gt;∀&lt;｀)ゝ
てへー感が否めないんですよ。
政治家になりたいのであれば、公私はちゃんと分けるべきで、もう発言は色々な方に見られてジャッジされてしまう立場ということを改めて考えないとです。
うんうん、1番は政治が悪い💩"
229,(14)③日本共産党は、国民的な共同と団結をめざすこの運動で、先頭にたって推進する役割を果たさなければならない。日本共産党が、高い政治的、理論的な力量と、労働者をはじめ国民諸階層と広く深く結びついた強大な組織力をもって発展することは、統一戦線の発展のための決定的な条件となる。
230,思わず政治的なことを言いそうになっちまったぜ
231,"ゴミ袋を値上げするらしい。
国の政治も終わってるが
市も終わってたw
ふわっとした感じで増額。
石油高騰や物価上昇の影響は仕方ないと
思うが、やれる事をやらず、見える化もできず、仕事した気になってる政治家気取りが一番やばい。
#ゴミ袋値上げ　＃180円→500円"
232,懲罰政治なんだよなあ
233,"黒川敦彦氏の政治とカネ問題、これからの展望 https://t.co/IX6YqDAQUo @YouTubeより 
＃NHK党 幹事長でもあり ＃つばさの党 ＃黒川あつひこ 氏に１億円を貸した人の秘書「彼が着信拒否をして連絡取れなくなったため裁判を起こした」"
234,"@KEa92vx5BiIh6Ox 科学は嘘をつかないが、科学者は嘘をつくと言う名言があります。

自然現象は現実であり事実だけど、地球温暖化は…科学ではなくあくまでも政治なのだと云う事かも。"
235,"退職金なんか30％減
さらにそれにも税金とか独身税なんか課せられたらマジで4ぬだろ
数年以内には消費税15％は固いし、、、日本の政治家はPolitician💩"
236,"いつも政治活動で利用する新百合ヶ丘駅南口。

今日の1545頃に通りかかると、昨夜からの雨で水溜りが出来ていました。溜まった水が明らかに通行の妨げになっていますので、早速役所に情報提供。

台風や大雨に備える意味でも、早めに修繕してもらわなくてはいけませんね。 https://t.co/z7o4Jk1BZH"
237,政治界の重鎮はテレビでコメントするとき片手で後頭部をさわる
238,"@himasoraakane 政治家の注目を集めてる一般人。
このままメディアとかに出ず一般人のままで戦ってほしい
我々は結局見てるだけですが"
239,タックスヘブンファイルの大量の漏洩により、90か国以上の330人を超える政治家と公務員の秘密のオフショア資産が明らかになりました‼️ウクライナ🇺🇦に集中しています。これこそが西側エリートたちが必死で🇺🇦を支援している理由じゃないの⁉️🧐🤪🤮 https://t.co/MEh32SUB90
240,"@potimarimo @GKBh8fc6gyn7CgB @tropic87775477 増えたと言っても
全然"
241,EU、ウクライナと来年2月に首脳会議　大統領を招待 https://t.co/DYp7TEJANy
242,"何度も繰り返して言ってくる
何度も繰り返し説明が必要
すぐに理解してもらえない
会話のネタが
政治経済で
子供の話はたまに。"
243,"@waltz_in_waltz まおゆうとログホラ面白いですよね
ファンタジー×政治経済が凄く上手くできてて"
244,"@hoshisuke1234 パナソニックホールディングスを一代で築いた松下幸之助氏は、こんな言葉を残しています。
「民主主義国家においては、国民はその程度に応じた政府しかもちえない。」
国民一人ひとりが自分のこととして政治に関心を持ち、ともに本当の意味で美しい国・日本を存続させていければと、私は考えています。"
245,政治家志望者はTwitterで内輪ノリをするのはやめろ、アカウントは削除して新調しろ、ツイートは活動報告と建設的な質疑応答くらいにしろ
246,"本日23:15からプレミア公開

●安倍元首相の「一番嫌いな政治家」とは？官邸情報ダダ漏れ犯は「炎上済み」のあの人!?林外相の訪中見送り理由が切なすぎるｗｗｗ #891（12/22木③）
https://t.co/GCfsxaqwHE

[メンバーレベル１・２会員専用動画] 
https://t.co/NZ0RonnHxu"
247,"キャリアではない。私の人生なんだ。

スティーブ・ジョブズ"
248,"長年の私の親しい従兄弟なのだが、先日会ったら二重マスクをしていた。まあ、本人がしたくてしているのにするなとは言えなかった。
逆の立場で考えると、マスクをしていない人にマスクをしろというのは随分 失礼なことだ。本人がしたくなくてしてしていないのだから‼️ https://t.co/tTuvIQt3Tu"
249,"「中国」
中国は日本陣営の中国国民政府とソ連陣営の中華人民共和国に分断されている。両国は大東亜共栄圏とモスクワ協定圏の冷戦の最前線となっているが、中華人民共和国では独裁的な政治が、中国国民政府では財閥による過酷な労働が問題となっている。
中国に住む国民よ今は耐える時だ… https://t.co/tPvwzcYP6u"
250,政治家女子４８党　立候補　申込み方法詳細　締め切り12月25日 https://t.co/CxPyGQlAc9 @YouTubeより
251,ペロシ婆さん…政治家どころか『生命の危機』と違うか、これ？ https://t.co/Jr8g5QsyC1
252,ハイ。確認でーす #貧乳bot
253,"自民党・薗浦健太郎議員が辞職へ。岸田自民党に更なるダメージ。4,000万円の政治資金をちょろまかし、銀座で豪遊した東大法学部卒業のエリート議員... https://t.co/lfTqkaAwdj @YouTubeより"
254,ロシア報道官、対ウクライナ武器供与「作戦に影響せず」 https://t.co/p7VFsZf82M
255,"『2019年、米国議会の政治家たちがこぞってポンペオに手紙を書き、過激派グループについて警告した。

「ネオナチを公然と歓迎している、ウクライナのアゾフ大隊もその一つだ。」

米軍退役軍人であり、NYの民主党議員であるマックス・ローズが筆頭著者であった。』

☝️これなんか、3年前だけど❓ https://t.co/JN2qmKXbKv"
256,"正木伸城さんとの #対話パーティ
「カリスマボイス」について。政治家、クラブハウス、占い師、落語家、さまざまな角度から魅力的な声を解析。声、表現、ことば、それぞれの磨き方についても。加えて、音響による環境づくりと心理や身体への影響、サブリミナル効果まで。刺激的な夜になりました！ https://t.co/QzUGCaWsCs"
257,"なぜ日本は世界と逆方向に進もうとしているのか？
本当になぞです。
私たちの国には歴史があり、文化がある。
そして、さまざまな国の文化を取り入れて進歩させてきた物も多くあるのに…なぜ？
やっぱり政治の間違いを正すのは、国民の権利であり責任だと思います。
#原発反対 #選挙に行こう https://t.co/mwoSLbyvV9"
258,"岸田早く辞任しろよな
イギリス前首相トラスみたいに。
こんだけ国民から非難されて
支持率低くてもなんでもない顔してんの
マジで国民舐めてるとしか思えねえな。
日本の政治まじクソ"
259,"原発は脱炭素とかいってる政治家いるが、脱炭素は温暖化問題からきとるやんか？
原発は大量の温水を海に流すんよね。
温暖化につながらんのかいな？"
260,"蛙の子は蛙って事かな。
小泉進次郎と言う前例的に、その長男は政治家を目指さない方が身の為なのは確か。
#岸田総理の辞任を求めます https://t.co/8F37u9IP3g"
261,"@misakism13 お身体お大事に！

こんな時に申し訳ないですが、

今年最後の運試し

https://t.co/xVlxQ90qg9"
262,"実はこれ、初めての話ではなくて
高校の政治経済で出てきた時も「てきしゅつ」「てきしゅつ」言ってて
休み時間の学友との単語チェックの時間にいつもこれだけ指摘されてた思い出"
263,こんなこと、譲位をお考えになった今上陛下がお望みだと思うか？簡略化を仰っても、いえいえ、今まで通りでお願いいたします、というのが忖度であろう！宮内庁を指弾する。役人根性ではなく皇室をお守りする事が仕事ではないか。政治 ##退位 #譲位 #退位の礼
264,"『月刊社会民主』は、#社民党 の月刊機関誌です。
国会議員の連載や、政治課題を掘り下げる特集など、
盛りだくさんの内容です。

購読のお申し込みは社民党京都府連合まで。
TEL（075）352-2344／ FAX（075）352-2345"
265,"@chiloner443 なるほど…
私の政治思想は置いといても、傾国主義者を礼賛するのは国民としては良くないことだよな…
知識もないまま特攻してすまんやで…"
266,"馬場さんと泉さんが会食した中華料理店も、春に前原さんと馬場さんが会食した中華料理店もここかしらね？🕵🏻

前原誠司さんの「個室で密会」ランチ | 永田町・霞が関のサラめし | NHK政治マガジン https://t.co/Q13oJVuQzw"
267,政治家って本当に🪃好きだな(´-ω-`)帰って来たのが刺さりまくっててそうなのにまだ刺さる所有るんだ…。
268,"@shiikazuo ケント・ギルバート氏
「日弁連は、会や会長名義で、さまざまな政治的な意見書や声明を出していますが、まるで日本共産党や左翼団体のような主張をしているのです。」

北村氏
「政治目的のために日弁連という名前を利用し、あたかも「弁護士の総意」であるかのように装っているとしか思えません。」 https://t.co/VoNae9S2RQ"
269,"ほんと、政治のタガがはずれて、与党が好き勝手やりすぎてる。
支持率過去最低ってなってる中、何しとんねん。
そして、原発回帰のニュースのあとに、大雪心配して不要不急の外出避けようとか、原発回帰ごまかそうとしてないか? https://t.co/e1bl46w8Pk"
270,なんか政治家みたい。世の中をつまらなくする種類のやり方。 https://t.co/ApRmrZcrWh
271,"政治家女子４８党　立候補　申込み方法詳細　締め切り12月25日 https://t.co/uQhp3ftz8F 立花孝志【公式】
#立花孝志 #NHK党 #夏目亜季 #政治家女子48党 #SJJ48 https://t.co/7PCOq9hioY"
272,"ジローラモ・サヴォナローラ (Girolamo Savonarola, 1452年9月21日 - 1498年5月23日) は、フェラーラ生まれのドミニコ会修道士。フィレンツェで神権政治を行った。宗教改革の先駆と評価されることもある。"
273,"@sakurauchikoshi 選挙によって選ばれた政治家が公金の支出先に権限があるのは当たり前で、むしろない方が不健全ですよね。
介入されたくないなら公金の受入を断って民間資金での運営を勧めればいい。"
274,消防団は何やってるのかな。地域の災害対策の為に必要とか言ってる政治家いたよな。派遣したらどうですか。邪魔だけど。 https://t.co/jy4ItXteJA
275,"@akane_17live @ikaros2711 ウチの会社、秋冬もノーネクタイOKになりガッツポーしたがw、学校もフリースタイルでいいのにね。

政治も育児支援とかよー言うわ。そーゆーとこだぞとw"
276,それ以外に政治資金集めパーティーで集めた金。記載しなくても逮捕なし？ https://t.co/IALhrUc3oB
277,良いお年を　別れ！ 小泉 悠×東野篤子×高橋杉雄「大忘年会2022」 #国際政治ch 135 / ニコ生視聴中 https://t.co/9HUJCnlR7l
278,日本にはもうナベツネ的な政治記者は現れないんだろうなと悲しくなる、若い女の記者を張り付かせてネタ取ってこさせて後ろで記事を書かないとスピードでネットに負けちゃうんだろうね
279,民選議員設立の建白書を読んだこともない似非議員がキレイ事を並べても何も響かない。かつて日本を思う熱き若者が読んで欲しいと議員全員に現代語訳したものを郵送した。とある議員はゴミ箱に捨てたと本人に告げた。私だったら発狂する。政治屋なんてそんなもんだよ。国民をATMにしか思っていない😔
280,"敵基地攻撃「被害受けることを待たず、行使可能」浜田防衛相が見解…　

それを世の中では「先制攻撃」というんだ。相手にその口実を与えて戦争が始まり、双方に死人の山が築かれる。亡国の政治を絶対に許さない
https://t.co/HYunlBp0eq"
281,"「最大の防御は外交しかない」だから外交って何なんだよ？単にお話するだけか？中国や北朝鮮、ロシアは話し合って合意できる相手だと思っているなら政治家を辞めるべきだ。いつまでも能無しを晒すんじゃない。
https://t.co/uQJH3ciBKo"
282,"【23:40〜フジテレビ『Live News α』出演❗️】
貴重な機会をありがとうございます。金融市場の至るところで、気になる動きが出ています。私たちの生活、ベンチャー周りにどう影響を考察し、コンパクトに解説する予定です。宜しくです😊❗️ https://t.co/dGLBygPnJK"
283,"自民党政治からの脱却なくして日本の再生未来はない
#合言葉は反カルト

#ツイデモ🌟 https://t.co/vPayVbUKQ8"
284,問題は政治家だと思うんだ。コロナ騒動と同じでアメリカ人が苦手なあいまいな態度に終始して「日本国を守る」為の行動をとらなければ足元を見られるだろう。4/5
285,"第1節から面白い。この論の通りだとするならサボろうが敵前で不貞寝や飲酒しようが懲戒にならないのも分かる。「評論「政治権力者ヤン・ウェンリーに関する一考察」」
 https://t.co/eubhRH9iBQ"
286,"MMTはかつての社会主義・共産主義に似ている。

どちらもモデルだけを見ると一見もっともらしいが、その中で動く政治や人間に関する洞察が決定的に欠落している点において。

また、社会にルサンチマンを持っている人達が、それによって何か良いことが起こると誤解させられやすい点において。"
287,@kami_to_summers 自称社会学者や政治学者みたいな詐欺師はやめてほしい
288,"大阪IR「通常国会前に認定」　維新・馬場氏が見通し(共同通信)
#Yahooニュース
https://t.co/uIyI0dDmPb 
統一教会法案とのバーター説あるかも？"
289,国際政治チャンネルのタグで　ふわふわ　が大量発生しているの
290,まゆゆのスピーチで10代の全てをアイドルに捧げてきたから今の景色があるという言葉に感動。 ヘタな政治家よりもよっぽど説得力のある内容
291,5chニュー速＋　政治ニュースまとめ by centerman https://t.co/yrdnIu20Ib
292,@judo_gonoi たった1人の女性さえ守れない腐った組織に国なんか守れるわけがありません。五ノ井さんの心の強さ、行動力に感服しました。ぜひ政治家か教育者を目指してもらいたいと思います。応援します。
293,"@MIKITO_777 感染者が出た時の責任は誰が取るのやら･･･、こいつの首ひとつでどうにかなる話じゃないだろうに
絶対に学校や教師に押し付けるなよ
つか案の定こいつも #LGBTQ と #パートナーシップ制度 推進派か
#熊谷知事 #熊谷俊人 #LGBT #黙食 #コロナ #コロナウイルス #コロナ後遺症 #コロナ感染 #新型コロナ https://t.co/TOOFY5SVQF"
294,ですな・・・。
295,時事ネタはネタ切れの最大の味方だが、社会的な話題を半端にやると政治思想臭くなる上、雑ないっちょ噛みは幅広く反感と嫌悪感を買う
296,「加速」って言葉を使い出したら政治家として終わってると思っていい
297,一番は政治界隈やな。
298,"岸田首相は防衛費倍増に突き進み…「ハト派の宏池会」など跡形もなく、もはや幻想に過ぎない 

わざとわざと。爺さん婆さんの年金が削られるまで、もう1年くらいはろくでもない政治劇を見せてくれるんじゃないかな。普通は政治家なら降りるって、でも降りないんだからさ。
https://t.co/2HPaVUqBfe"
299,あれはぼでぃぺいんとなの 小泉 悠×東野篤子×高橋杉雄「大忘年会2022」 #国際政治ch 135 / ニコ生視聴中 https://t.co/9HUJCnlR7l
300,"また緊急財政が、実行されました。
薬の3100億円の引き下げです。
…医師会、歯科医師会ってのは非常に政治力が強い。それに比べると薬の人たちの政治力は弱いんですね
なので技術料はちょっとでもいいからプラスになる、でも薬の値段は引き下げますね。ということになる
https://t.co/sipEi2gmAu"
301,前科者でもお天道様の下を堂々と歩けるのが政治家w https://t.co/SJTFRAT8mx
302,@FluorescentPuff 俺終わりそうだから落とすのはお前ただ一人だよ～🤣
303,"少数党の意見は多数党の意見によって否決されても、その見解が正しければ、だんだんと国民の支持を得て、少数党も多数党に成長する。このようにして運用されてゆくのが、民主政治の正しいあり方である。
（第7章, 4）
#民主主義 #政党政治"
304,@oziozi5151 福島さんは、政治家として物事をきちんと伝える事から勉強し直した方がいいと思う。
305,ペリーが帰った後、老中首座の阿部正弘はこのことを朝廷に報告しました。これ、どう思います？幕府は自分より上位の存在である天皇を政治に関わらせないというのが基本方針でしたよね？それが報告してしまったわけです。（続く）
306,"黒川あつひこの、政治資金報告について

しっかりと説明いたします

説明動画 　
https://t.co/ouLrKkNnkh https://t.co/1WuGJdfd41"
307,山本太郎が政権を自民が握ったら3年国政がないから政治の暴走が始まるって言っててその通りなってる
308,"享保の頃…幕府の政治は、遠い海鳴りのような不安と不満を天下に漂わせていた。 

その巷の中に、隻眼隻手のその男…
「北名古屋においでよ」と云った。"
309,今年のお盆休みは旅行＆帰省を原則禁止（世間知らずの政治家達と猛反発の声） https://t.co/bkO84mgNLz
310,"@hst_tvasahi ＧＸのＧは原発のＧじゃないぞー
原発稼働しても電気代下がらないんでしょ。
原子力発電って生産性良いんですよね?
一部は建設地域に還元してるでしょうけど大半は電力会社と政治家さんに回るんですよね?
原発稼働による利益を増税に割り当てて各税金が下がるのなら国民は文句を言わないと想います。"
311,政治にとって，イメージ管理が大切です。根拠のない誹謗中傷がインターネット上に存在することは，人々の投票行動に悪い影響を与えます。迅速な対応が肝心です。弁護士が先生方の誹謗中傷対策にご協力致します。誹謗中傷対策は法律事務所クロスに。 https://t.co/DNwZPRZW76
312,"立花氏の演説に混沌、へずまりゅう、しんやっちょがいるんだが
＃日本終了
＃バズ
＃政治
＃コロナ
＃緊急実態宣言
＃手越
＃嵐
＃感染者数

https://t.co/z0Nudse7Cq"
313,【奮闘】400年の歴史「豪雪地帯の秘湯」　物流寸断で試練も…守り続ける“覚悟”（テレビ朝日系（ANN）） - Yahoo!ニュース https://t.co/FvuMGt5Uc2
314,"@tanakasan_dayoo 政に参加するのに、所得制限受けてる１割を笑っちゃいかんでしょう…

制限世帯の方がすげー怒ってるの見て改めて再認識したらツイートしてました😅

改めてくれたら嬉しいですし、笑うのではなく間を取り持ってほしいです。わかんない人がいけないんじゃなくてわからなくしてる政治が悪いんで👎"
315,@onyxorion2 日本の政治家や外交官にそうした、世界経済のリーダーシップを担う気概があれば、協力してくれる国は多数現れるでしょう
316,@JOKER_adhd_end 革命家ですね。彼のおかげで、政治家のカルト汚染が白日の元に晒され、カルト被害者が救われてる印象がありますし...
317,政治の実務ができる程度の読み書き能力では読めないのか……大変だな……
318,"政治一問一答
通常国会の招集は何月？？会期は何日？？

 A. 1月、150日"
319,※イズムィコ先生はボディペイントなので番組中に変更できません 小泉 悠×東野篤子×高橋杉雄「大忘年会2022」 #国際政治ch 135 / ニコ生視聴中 https://t.co/9HUJCnlR7l
320,玉城デニーって大っ嫌い。専門卒で仕事をコロコロ替えた挙句ラジオDJになって、知名度で知らぬ間に担ぎ上げられ政治家になっただけの神輿人間だろ。今までの基地反対派と同じことをオウムのように繰返すだけでなんの信念もない。外遊するのも国連まで出張った翁長と同じ。壮大なパフォーマンス。
321,@SaYoNaRaKiNo 自民党を政権から引きずりおろさなければ日本があぶないという危機感が強いが、なぜこれほど自民党に変わる受け皿の可能性をチャラにする政治音痴が多いのだろう。
322,"負けても終わりじゃない。
でも、やめたら終わりだ。
【リチャード・ニクソン (政治家)】
#meigen"
323,@tokyonewsroom 利権で政策転換だろ？いくら政治献金もらったんだ？
324,"日本の核融合発電の研究はどこまで行ってんのかな？
それ知りたいんだけど、日本の政治家は原発しか言わない。

 #報道ステーション"
325,"高齢者たちが原発に反対し止めて、高齢者の生活のために原発を再開することを、高齢政治家が決める。何だこの国は？高齢者は金正恩か？

原発事故後の方針を政府が大転換　新規建設や運転延長で最大限活用(朝日新聞デジタル)
#Yahooニュース
https://t.co/UePYx0eUkx"
326,"政治家wがやるべきはつねにそれであり、それしかねんだわ
テメーの銭は一番後でええのよ。忖度も一番後
公にとって、以外のことは考えんでよろしい"
327,"@izumi_akashi 個人的な思いはあれど子ども支援政策を拡げるには支持政党なしを貫くのが上策なのだと理解しました。

利権政治派も選挙前に追い込まれればこうやって子ども支援を盛り込まねばならないのですね。

泉市長の興してくれたムーブメントの成果です！

#泉房穂しかいない"
328,過去最低の内閣支持率を更に下げる自民党議員達。4000万円銀座美女達と豪遊の薗浦健太郎議員。元法務大臣森雅子の借金6000万円不記載・政治資金... https://t.co/tEys0vuKT1 @YouTubeより
329,"@ModJapan_jp 04

もう国防目的の自衛隊ではなくなる

政治家の賄賂欲しさで自衛官らが亡くなることになります
また遠い外国や外国人からも恨まれる可能性も高くなります

親密な外国が戦闘を始めれば
確実に戦争に巻き込まれます https://t.co/4JU969JTPL"
330,黒川あつひこの政治資金報告について【つばさの党、オリーブの木】 https://t.co/Qk5XYQEpYW @YouTubeより https://t.co/EyyKcjKLjq
331,@rzpIFAEaQI1sdZC 「どんな戦争も容易なものは無い  一度戦争に身を投じた政治家は制御しがたい戦いの奴隷となる」そういう事だと思います
332,"軍事力は民主政治を

産み落としながら

その功績を誇ることは

許されない。

それは不公正なことではない。

なぜなら民主主義とは

力を持ったものの自制にこそ

神髄があるからだ。

強者の自制を法律と

機構によって制度化したのが

民主主義なのだ。"
333,"@jinkamiya やっぱり、事務局長代理みたいな人はいないのかな
ずっと兼任じゃ政治活動に集中できないよなぁ"
334,"@NorthKoreaJAPAN 元トランプ大統領に政治利用されてませんか？

トランプさんに騙されてないで、北主導で朝鮮半島統一してください！"
335,同感。あっつんさんに対する害オタの嫌がらせの数々を見れば温泉むすめとタッグを組むことが大きなリスクをはらんでいる事がよく分かりますよ。 https://t.co/0PbL7p67FN
336,"@FIFI_Egypt 良いけど政治的な思想を抑えてくれるかね？

そして左でも右でも良いけどせめて愛国心ある人は絶対。

日本国旗にケチつけてるような人は除外して欲しい。そんな奴が日本のために働くわけない"
337,@shiikazuo 新しい政治って、まさか共産党の独裁政権をおったてて、シーチン大統領って国民に呼ばせて、兄弟国とか因縁つけて中国を征服しにいこうとかしてるんじゃねーよな？
338,国際政治chを見終えたので風呂入ってからThe Calisto Protcol始めるか。
339,"日本の【政治のがん】創価学会公明党
オウム統一教会と同類のカルト宗教が【自民党とグル】になり日本を腐らせた
政教分離の原則を無視し、金の亡者となり、日蓮の教えを踏みにじり、日本国民を食い物にする創価学会

とっとと国会から退場せよ https://t.co/QkW9RiJ4kG"
340,Twitterより先に動画見つけてしまった。
341,街で政治家の先生様が街頭演説をしていて、「今、日本はまさに崖っぷちに立たされている状態でございます！」って言ってて、まぁそうだよねぇと思ったてら「我々は今、新たなる一歩を踏み出すために…」って言ってて、((崖っぷちから一歩踏み出したら…))って心のなかで突っ込んだ。
342,@ProfShimada 自民党で力をもっていたからな。世界は無い政治家だった。
343,悪用を回避し事業の中立性を保つという意味では一つの見識ではあるけど、「特定の個人・団体への批判」への使用を禁止するということは腐敗政治家や独裁者、暴力扇動者やテロ組織の批判にも使えないはずで、政治的立場を問わず「ざまぁ」とか言える性質のものではないと思うんだけど https://t.co/qMBY551aIM
344,自民支持は立正佼成会内の保守層へのものでしかないですよ。表向きは自民支持してても裏ではそうではなかったみたいですしね。自民支持も親中親韓親北政治家しかまともに支持しなかったしね。それがバレて自民から三行半を叩きつけられる直前に立正佼成会が自民から離れた。創価公明を理由にして。 https://t.co/UBvuR7ukAh
345,憲法じゃないものを憲法だって言い張って商売してる政治家や学者やその界隈は、国賊の自覚はあるのかな？お兄ちゃん、どう思う？
346,"………？
そのピンチにしたのは、自民公明の政治的ミスでしょ？
自民党＝旧○○○会
公明党＝創○○会
…あら？偶然！

軍事力勝負動画作る人の投稿動画を楽しみましょう！#TikTok https://t.co/bZbL9WPPSf"
347,俗に言う「第二回変態三頭政治」に「上履き泥棒サブちゃん」「マスターハンド」と共に数えられる変態で、遮光カーテンをも透視し1000枚以上の盗撮写真をWeb上にあげたものの、盗撮現場を高校生にシメられ脱肛、以来「鯖」という通称で知られたのは誰？
348,"で、銀座の高級クラブの20代美女にはいくら貢いだんでしょうか。おい、薗浦、しっかり記者会見を開いて説明しろよ。

「費用公開でガラス張りに」と回答していた薗浦氏　辞職に揺れる地元：朝日新聞デジタル https://t.co/3uSFSBzj4V #"
349,"【官邸などでの体験４２】『虎の威を借る狐』内閣府参与が来たことで政治家に頻繁に呼び出されることはなくなりましたね。平常状態に戻すため主メンバーが集まる朝会を提案したことも評価してます。ただねぇ・・・
https://t.co/zO5NAm19V1"
350,おお、ついに！　飯田さんの章だけお先に拝読しましたが、国際政治（史）学徒必読の内容です。 https://t.co/4mzx2b8XAR
351,@hayakawa_t2 政治の失敗にはこんなにも寛容なのにね…！
352,"【正しい選挙のすゝめ】
投票して終わりは議員や党に「白紙の委任状」を渡したに過ぎません。

参政権　#政治に参加する権利　なんです。

今、亡国に傾いているのはどちらの支持者が
『より強くより多く参政権を行使したか』その結果そのものです
『政治に参加する権利を行使する』かです"
353,"政治イデオロギーを持ってる人と話をするとする。ところが個人的に話している時の政治思想と、演説、物を書いたりするときとは違っているのだ。というのは、彼らにとってイデオロギーというものは単なる道具なのだ、自分じゃ思想だと思っている。だから彼らには思想がないのだ
https://t.co/IzgQ2yuEzO"
354,こんなに他国のために全力で日本の政治家やってる人も珍しい。 https://t.co/EYY7xejnw7
355,いずむぃこせんせい　とくにからだにきをつけるの　　　ねんまつだからって　おもちのたべすぎは　よくないの　もちもち 小泉 悠×東野篤子×高橋杉雄「大忘年会2022」 #国際政治ch 135 / ニコ生視聴中 https://t.co/9HUJCnlR7l
356,"@tachibanat @YouTube このような倫理感の持ち主が
パーを扇動して日本の政治に影響を
与える。
恐怖を感じます。"
357,"@nikone_25 @jaYgh09lGDFTDR6 実はキッシーは出来る子でした

と、言うのが最近分かり始めました

木原誠二いわく文雄は保守政治家らしいです

安倍さんが亡くなった時に流した涙は本物だったのかも

増税は残念ですが、西田先生が今回の増税についてYouTubeで説明してますが
中身はそんなに悪くないかと

勿論、国債がベターですが"
358,"@marupei_0818 相手にしないほうが利口だよ☺
国民民主党支持者でも政治思想は千差万別だから大同小異で前に進みましょう😷"
359,政治家は責任をとらない。
360,@tweetsoku1 この人は気に入らない政治家は殺しても良いと取れる発言をしていますね…まさにテロリスト。選挙の意味すら解らない。
361,@tweetsoku1 @office_yuka 増税の前に、政治家の定年つくれや！！！
362,@koichi_kawakami @kishida230 今の与党政治家に、国民の方を向いている者がいる訳がないと思います。自分のことしか考えない税金泥棒達です。
363,目下軍部の力が強いのは、軍部に、日本の国をどこへ持ってゆくかという案があるからで(中略)今日の政治家が軍部に引きずられてゆくのも、仕方がない。
364,"日本の政治家さん聞いてますか？？
日本はもっと子どものこと考えて！！ https://t.co/9P4Df4pf7F"
365,三重県政治掲示板。あなたの三重県の政治に対する想いは？？ https://t.co/yNetUS5uZe 政治スレッド4【これで良い？三重県政】
366,@kuboki_0389 わからないまま進むの普通に死んじゃう
367,子供食堂が全国に6000も。防衛費増額どころではない。子供を幸せにしないと将来がなくなる。 https://t.co/lmOJXBxUp4
368,@oogiri_zamurai 大国日本連合　政治結社無心塾総本部
369,"１０年使ってなかった電化製品が正常に動く保証あるか？
それを考えたら原発だってそうだし、それに人名に関わる問題だよ。
電化製品だって火災に繋がる可能性があるからこわいよ１０年つかってない原発なんてほんと怖い。
これってまた何かあっても政治家はだれも責任とらない。
 #報道ステーション"
370,"@mitihazure0322 だよなぁ～🙄
ボーナス300万やるから政治家やれって言われても俺はやらんし、みんなもそうやろ？"
371,"自民党がやりたい放題。
日本の政治もここに終わった感がある。"
372,経済だけですから。政治も文化も日本のニュースが世界を駆け巡ることはない。でも自動車メーカーの社長交代のニュースは世界が注目する。#hagetaka
373,"W杯の合間の飲酒キャス
#政治 #ホラー #野球 #宗教
https://t.co/F5uII87F77"
374,〓 #平和 〓 国家や #政治 は #国民 を守るためにある。決して戦場に送るためではない。送らないために働くのが #政治家 である。国民＝ #家族 を見殺しにして #国家 で御座いとは、痴がましいにも程がある！ #拡散 #愛 #脱無関心 #軍事 #子供 #こども #RT
375,"前に、ある人に聞いた事。
政治団体って資本金ってあるんですか？と
聞いたら ないそうです。

要は設立届一つで、出来るって事。。
寄付とかスパチャ等で集めて政党になる訳だ···"
376,自民党の、特に叩き上げ、成り上がり者の議員は、明らかに「学歴コンプレックス」ある。だか「学術会議」の様な、いわば“ハイソな集まり”があると、もうそれだけで邪魔、妨害をしたくなるのだ❗️学歴社会を是正する様にうごくべき政治屋が、自らのコンプレックスに負けていて、どうするのか😠 https://t.co/dQa9lywIvi
377,Twitterや Instagramで公式マーク貰えない事に苛立ち、非難してたよな？思想や政治的主張の違いを理由にして相手を批判 排除 排他するのって簡単なんだけどね、、、？ https://t.co/XYWXT8RbEn
378,"30歳男性
発熱、関節痛があり、
抗原キットは陰性
インフルっぽくもあり、
しかしコロナならイベルメクチンを早く飲んだほうがいいかなと。

どなたか知見をお持ちの医師の方
アドバイス頂けると助かります。"
379,福田赳夫さん：昭和の黄門さま・・・を自認してたけど、何か悪を正したかしら？ #psb
380,"岸「ニュースは毎朝必ずチェックしてる。でも、政治関係は難しくてよくわからない！芸能ネタのほうが見ていて楽かも（笑）。（佐藤）勝利が時事ネタをよく話してくるから、一緒に時代の流れについて語ることはあるけど、俺はコメンテーターには……ほど遠いなあ。」
（2016年6月、QLAP）"
381,"動画の宣伝
【この酒に合うアテ＃4】風の森に合うアテは？ https://t.co/W3397kYWKc @YouTubeより"
382,幸福の科学・大川隆法総裁の長男が長井秀和の応援演説で政党立ち上げを明かす！“宗教2世”の出馬が続々（女性自身） https://t.co/dn9mvzJ0kC 宗教2世の問題は分かるが、それで政治家に立候補する意味がよく分からない。
383,回鍋肉 https://t.co/ijPV0IFEFu
384,"東京　乃　特徴

回転寿司　ガ　止マルト

ネタ　ガ　腐流　

腐敗　毎年　四分乃一　

腐敗　政権　政府　政治　現実

事実　国民　認識　子供　学校

食育　教育　税金　泥棒　犯罪

悪影響　阿保　無能　連中　

大ヒナル矛盾　倭国　我ガ国

シラス國　☝️   ☝️   ☝️

責任逃レ　知事　議員　風　濊 https://t.co/Nn2fxazLp6"
385,"政権中枢で切り盛りしたあの菅官房長官も、この人には一目も二目も置いていた。こうしたドンと呼ばれるような実力者、ヒールな魅力ある政治家はこれからの時代はなかなか出てこないでしょまあね。ご冥福をお祈りします。
#Yahooニュース
https://t.co/bdCsyzO1aJ"
386,この国の政治が狂っていることに早く気付かないと何も変わらない。メディアはほぼ政府の言いなり。一日中テレビしか観ない田舎のじじばばが狂った政治に気付かないのはしょうがないかも知れないけどネットで情報を知ることが出来る人はそんなじじばばたちのためにも声をあげよう
387,"#岸田は不要不急の増税やめろ

増税するくせに良く言うよ。
我々は働かないといけない。
政治家は、何もしなくても、犯罪をおかしても報酬受け取れるけどな。

岸田首相が大雪警戒で再び「不要不急の外出避けて」と要請に「言われなくても」とSNS総ツッコミ　（中日スポーツ） https://t.co/CGgMSOFJYW"
388,"日本への侵略を促し社会主義政権の樹立を狙うクズ野郎なのかそれとも本気でこう思ってる大バカなのか判断しかねるがどちらにせよ救いようがない。

あと右でも左でもよく見かけるがこういう自分の政治主義主張の為のアカウントにキャラクターを利用する奴ら見てて虫酸が走る。 https://t.co/qJ5kqSlP9r"
389,"@yuka_sk0327 いじめっ子：遊びのつもりだった
ぽぽら：しつけのつもりだった
自民党：政治のつもりだった

全く同レベル💢"
390,"税金の無駄遣いを全然検証しないから
何回でも同じ過ちをくり返す
そして損害は税金で穴埋め

廃棄ばっかりの東京五輪「弁当30万食」「食料175トン」「防護服・マスク500万円ぶん」…国立競技場は国負担の維持費56億円で大赤字の惨状（SmartFLASH） https://t.co/hVmYvyEtw1"
391,"地獄の民主党政権の愚策・原発ゼロ。
口だけのリベラルに政治を任せてはいけないという典型例。
そもそも菅のボケが海水流入とベントを認めりゃここまでの惨劇は回避出来た可能性が高い。
そのツケがもうじき終わる…のか？
#報道ステーション https://t.co/p0Hwuif5cA"
392,@20020228Shu @matsumotoclinic 個人では無理なのは分かります。国民が分裂、分断する事も無意味です。強制する事も良くないが、声を上げる事をやめたら何も変わらない。変われる国は国民が政府にNOという意志を表す、国民なしに政治はできません。
393,"【怒った方がいいですよ🤬】
ゲイやレズの恋人探しの場とか、婚活男女のお見合いパーティーとか、韓国語、キムチ作りなどはやりたきゃ自分のお金で好きなだけやればいいじゃん‼️💢
血税でやることじゃないでしょ⁉️😩
こんなイベントに税金を出すことを決めた政治家や官僚は責任取らなきゃダメだよ‼️🔥 https://t.co/ZmkoJw3l1N"
394,バイデン氏、支援縮小論にクギ　ゼレンスキー氏招請 https://t.co/fL5IF3Xagk
395,国民にとって具体的に利益にかなうものや実際に結果がでる政策ならば国民や有権者にとって望ましく必要なことである。【必要なのは国民の利益。大企業と政治家の利益は二の次でよろしい！】
396,政治と社会6回出し忘れました。対戦よろしくお願いします。
397,"経済財政諮問会議に出席するのは閣僚と民間議員で、これは政治の人事。それを支える政策統括官は官僚の人事で、内閣府の中の話。

人事権を振りかざせばいいわけで、財務省の強い影響下にあるという理由付けが出来るように思わない。いつの諮問会議を指して言ってるのかなあと。"
398,"@ModJapan_jp 03

日本の政治家は安全なところで
外資企業から賄賂を受け取とり

自分の私兵のごとく国運営の自衛隊を派遣できてしまう

２００７年より外資系企業からの献金規制緩和　勿論自民が筆頭 https://t.co/Ah7hWqz0Nc"
399,【皇道経済と明治維新】④坂本龍馬は幕末の維新時代に於いては霊的にはキリストの位置にあり、霊的にヨハネの位置にあったのは土佐勤皇党を結成した瑞山武市半平太であった。そしてこの二人は親戚筋であったという。#onisavulo
400,この発言はちょっとびっくり。お金を出して他国の医療インフラに乗っかることに対して政治家が支援を呼びかけるのはおかしい。 https://t.co/daAu2ZTlct
401,"国際政治Chでしれっと最後に嫌なこと言ったな・・・ｗ　アジアで戦争なければねって＞＜
まあ、ですよね～"
402,空き家活用へ税優遇見直し　国交省案、規制緩和も検討 https://t.co/rrfVdsBKb3
403,政治家女子４８党　立候補　申込み方法詳細　締め切り12月25日 https://t.co/uhkTKVYST4 @YouTubeより
404,若い時に逃げることを覚えてしまった者は、大人になっても立ち向かうことができない。
405,岸田文雄、そろそろ政治家人生寿命来るからって好き勝手やっててほんまおもろい。潔く逝けや
406,故郷を愛す地域を愛す。それと同じように国を愛す。愛国という言葉は穢れではない。　#愛国　#改憲
407,【定期】景気が悪くても、一定の税収が確保できる消費税は財務省の甘え。 直接税中心の税制に変えて、景気を良くしようというインセンティブを政治家や官僚に持ってもらいましょう！ 世界の超大国アメリカは連邦税としての大型間接税は導入していません！
408,"民間はこうだから政治家もこうするべきという主張、どうなんでしょう / フィフィ　居眠り議員に苦言「国会議員にも定年が必要。寝てたらちゃんと叱ったらいい。民間なら…」(スポニチアネックス)
#Yahooニュース
https://t.co/kl92V1wZwY"
409,"@yukaaaaa2022222 長年の体質を変えるのってなんであーもフットワーク重いんやろね🙄
変わったら沢山の人が働きやすくなるのに、なんでその為の努力に二の足踏むんだろ。今の日本の大御所政治家と一緒。
ゆゆたんはジャンヌダルクやね✨"
410,@konotarogomame その残念な現状を変える力を国民に持たせてもらってるのが政治家ですよ！国民が国内で税金で心臓移植できるよう、頑張っていただきたい！
411,"と言いたい。でも出されても通常の常識がある受験生はそんな回答しないけど。学説が異常に政治思想に偏るのが
人文系の試験問題で理解しがたい部分。
理系の教科書では数式間違えた時点訂正依頼が読者から多数来て刷り直しさせられ、学校の教科書として
その後採用してもらえなくなる。"
412,"@sasakirikarika ささきりかさん、いつもピンクが素敵ですね
茨城県内街頭で時間ある時に街頭演説回れば
知名度アップすると思います
今後も政治活動頑張られてください
お休みなさいませ。"
413,@freaky30348464 @mattariver1 最後に、人の顔立ちや気質は、評価基準によってさまざまであり、美的センスの違いや年齢の経過によっても変化します。要するに、政治的傾向と外見的気質とを曖昧に結びつけた茶番が、研究であるはずがない、笑い話です。それに、こんな風馬牛的なものを結びつけて研究対象にする学者はいません。
414,村山幸徳『展望と開運2020』(KADOKAWA)。毎年、数々の出来事を的中させてきた話題のシリーズ最新版。政治、経済、社会の展望を示すと共に、個人の開運を明快に指南する未来の解説書。 https://t.co/CFjCLfLu6K #開運 #気学 #風水 #易経 #仏教
415,年間10億の無駄使い。会議出席で日当が。会長で2万8800円、副会長で2万6400円、会員で1万9600円などとなっていて交通費や宿泊費は別途実費で精算されます」(NHK政治マガジンより)ふざけるな。学生へ給付しろ。 https://t.co/Rv1SCWpjJy
416,村山幸徳『展望と開運2020』(KADOKAWA)。毎年、数々の出来事を的中させてきた話題のシリーズ最新版。政治、経済、社会の展望を示すと共に、個人の開運を明快に指南する未来の解説書。 https://t.co/CFjCLg3DkS #開運 #気学 #風水 #易経 #仏教
417,高橋杉雄生着替えシーンがみられるのは国際政治チャンネルだけ！ 小泉 悠×東野篤子×高橋杉雄「大忘年会2022」 #国際政治ch 135 / ニコ生視聴中 https://t.co/9HUJCnlR7l
418,@satoshi3216 自民党議員も政治献金で問題があるんです
419,"勝てばいいんだよ！みたいな
今の日本らしいクソな事案だと思うわ
大人がこれじゃ子供も腐っていくよ
てゆーか部活だけじゃなく政治もビジネスもこんなのばっかりだろ

市立尼崎高校の野球部コーチが“サイン盗み”を指示「親にも言うな」と口止め　部員うつ病発症
https://t.co/BMJJpMWLPQ"
420,"この方に投票した事はありませんので引用元のような感情はありませんが
前市長も自民
近隣ですが桜田氏も自民

政治的な話だとしづらい空気ですが
これが仮に民間企業の管理職の話に置き換えたら…？

という個人の感想です https://t.co/NTQZyVPiOm"
421,@Sankei_news 検討すると言って何もしないその停滞した政治もなんとかしてください。あでも増税だけはスムーズでしたね〜
422,"友達同士でもそんないたずらをしてはいけない、しかも政治問題なら🤣
私たちはお互いに違う国の人ですから
FF外であれ何であれ、本人が何を間違ったのか自覚できないようだ🥲"
423,安倍政治をいつまでも許さないヨ
424,"ロシアとの外交的解決には、ドンバスの非武装化とウクライナが決してNATOに参加しないことを約束する調印された条約のようなものが含まれていたかもしれませんが
米国の政治支配層は、核武装したロシアとのこの代理戦争を望んでいたため、それを仕組みました。
👆
米国の狙いはウクライナの戦場化。 https://t.co/ZcmvRMykDQ"
425,"総理大臣は大雪で外出控えろという前にモラトリアム3日するとかメーカー納期遅れによるペナルティ禁止政令とか出せよ
政治が無策だから雪が降ろうとも人や物が動かざるを得ないんだよ（いいかげん"
426,@UFBKllWimdEfRx2 明治大学の短大から政治経済学部に入って、明治大学政経卒をつかんだとか、いっぱいいますよ😊
427,"今回の日銀の決定は、審議委員全員一致の判断なので、黒田総裁が日和った説は、ニワカには信じがたい。
岩田さん野口さん安達さんまで一斉に日和るもんかね?"
428,蒸しパン王国は神権政治
429,"政治があまりにとんでもないことばかりで忘れそうになりましたが、今日は冬至でしたね。一番暗い日。明日からは、世の中も明るくなっていくように祈ります。
簿冊標題：農林省・穀物検査・昭和13年（1938）
件名：千葉　甘藷及南瓜検査規則中改正認可ニ関スル件　ですか。 https://t.co/uI4kF5YP0h"
430,テクノロジー犯罪　人工的地震兵器、津波など自然改変装置は国際政治では当たり前 https://t.co/SJKTsUWv0b 　米のコーエン国防長官やブレジンスキー大統領補佐官ですら公の場で認めている。日本はそうした世界の動きにあまりにも無頓着　#拡散　集団ストーカー犯罪
431,@kantei この中に日本人のことを本当に考えて政治をしている人がいるのでしょうか。
432,@freaky30348464 @mattariver1 まず、ニューヨークポスト自身が政治的傾向が強く、ファクトチェックが弱いメディアであり、その発表内容は無意味で有害な公衆のものとみなされています。第二に、左翼か右翼かはそれ自体がとても曖昧な概念で、一人の人は政治的、経済的、社会文化的に全く異なる傾向の観点を持つことができます;
433,"ロバート・Ｎ・ベラー、島薗進、奥村隆編『宗教とグローバル市民社会』岩波書店
①本書は、グローバル市民社会における市民宗教の可能性を宗教社会学の巨匠が大胆に論じた魅力的な一冊である。現代の政治的な課題とは、弱肉強食を自明視する新自由主義の是正である。"
434,"@HS6Zv2EcFh60XhZ @Mark2Yoneyama @ARIA6663 平和ボケが多いからね。政治家が暗殺される中で、平和にいられるわけがない。前にもハイチの大統領が武装集団に暗殺されるという事件が起こってる。
日本を備えるべきだ。"
435,"前々から聞くことが多い

今乗り越えれば未来は明るい  的な政治家のいう文句

明るかった試しがなくて笑っちゃう。"
436,日本の賃金は7年連続で下がってるのだろ？税金と生活費はそれぞれ1割以上上昇しているのにも関わらずだ。その中で企業は業績いいところもそりゃ有るだろうがね。金持ちの為の社会を作りたいという政治家や経済団体の狙い通りで喜んでいるのかね。
437,"@hazakurathithi 大体土着の信仰と政治の為の神話って矛盾するからね
特にエジプトはファラオの権威が高くなるにつれてやれあのファラオは神の子だの神の化身だの言い始めるから余計にややこしい"
438,"ロシアに指摘される前に国内メディアがこのぐらい言うべき

「歴代の政治家が繰り返し宣言してきた平和的な発展を明確に否定し、抑制のきかない軍国主義路線に戻ることを意味する」
「必然的に新たな安全保障上の課題を引き起こし、アジア太平洋地域の緊張を高めることになる」https://t.co/AwHFeun8fj"
439,締めなくていいよ？ 小泉 悠×東野篤子×高橋杉雄「大忘年会2022」 #国際政治ch 135 / ニコ生視聴中 https://t.co/9HUJCnlR7l
440,政府がやれることはなんでもやらなければならない。何も発信しない日本、何もしない政治、何もしない首相はダメだ
441,"東海州政治家連盟名駅前街宣・平成26年1月26日・筒井タカヤ
https://t.co/GydTc0HNAr"
442,@J075075075 こんな老害はさっさと辞めて頂きたいですね〜
443,最近バイト先の常連にすげー話しかけられる、政治の話ばっかしてくんだけど…知らねーよ政治とか…
444,人の領土に攻め入って住んでる人達の暮らしや命を奪って何言ってんの？ https://t.co/v7asMFaEjh
445,#在日コリアンは外国人。自国の政治に参加して自国の候補者に投票させるのが正しい。在日ブラジル人はこれをやっているのに、コリアンがやらないのはおかしい。コリアンか参政権を訴えるべきは韓国政府。 https://t.co/OdxJh7kb8i
446,"インディ500がiRacingから無くなったのもeMotorsport云々言って金稼ぎしか興味のない人たちのせい？
eSport最高だよな。政治と金の世界だよな。まるで特定のメーカーのレギュを優遇するグランツーリスモみたいだ。"
447,@sachi0017 僕はこれからゴルフ習おうとしてます。賃金向上のために日々の仕事以外からも政治的介入をしていこうかなと…
448,"「この地区の約500メートル西では、1988年に同じく4町分の広大な邸宅跡が見つかり、出土した木簡の内容から、舎人親王と並ぶ奈良時代初期の皇族政治家、長屋王の邸宅跡だと分かった」
長屋王邸宅跡はそごうになってしまった。 https://t.co/3o7KkxmKlM"
449,…偏ってないなんて事はないんですよ日経さんよ…。っていうかおたくの政治部だかがすっとぼけた事ツイートしてやがりましたがなつい先日… https://t.co/srTNF4HJnr
450,"あたらしいエピソードがでました！エコフェミニズムに始まり、家父長制や政治への言及にまつわる違和感まで。収録を横で見学してたけど、アナがサラッと言った「友達と喧嘩していい（議論していい）」がとても好き。 #なんかIWAKAN
https://t.co/y32vQeyQ5r"
451,🔴思慮の足りない人、勘の鈍い人は、ワク💉を勧める西浦や山中を悪人と考えて憎み、ワクの危険を訴える井上や福島や宮沢を善人と考えて応援する。しかし実は両者は酸化グラフェンを隠すためのプロレス試合をしている仲間同士に過ぎない‼️ https://t.co/w1Rbiha9nZ
452,"今週分の翻訳、衣服や政治の話が多くて、用語の調べだけでもかなり時間がかかり、なかなかさくさくと進まない。
時給計算するのはやめよう。ショック受けそう。。"
453,"政治レフト系コロナ脳が暴れてるので反サロの出番や
@okame366 https://t.co/ol62JSD2eh"
454,"@Hanakayo2701 この間の衆議院選挙で、全てが決まったんですよ。
安倍からですが、日本は既に独裁政治なんです。
愚かに洗脳された国民は、何も反抗しない。
もっと酷い国になりますよ😢"
455,"コロナ感染東京２万人超でも、支持率低下最前線のだめ岸田首相、お友だちと連日飲み会

岸田首相に良心があれば、コロナ感染拡大中に飲み会はしてはならない。

それでも飲み会するのは、政治生命のため

政治の基本原理のない内閣の崩壊は近い。

https://t.co/fr5PlYrZ3q"
456,"@kirisawa510 たしかに。否定を聞いてないですね。
私は元々行かないので分からなかったのですが、マスク禍の日本で見えてきたのは、全員一緒がいいという構図なんだなと。平等教育の賜物です…と深く考えすぎかな😅"
457,"６絶対王政
絶対王政を支えた思想で、「王権は神から付与されたものである」という思想を何と言うか？★★☆"
458,"@mezzopiano_777 コロナで面会禁止なのと、多分人手不足？
動ける患者は自分でどうにかしろって！"
459,"男女共同参画の予算は既にある各省庁の予算を切り貼りしたもので実際に新たに予算を組んでるわけじゃない。
外国から文句言われるから形だけの予算を組んでいるだけ。 https://t.co/onVxcoSqRB"
460,予算的には教育子育てに絞れば大してかからないし、少子化対策に多少は寄与するので政策としてはやらない理由がないから、政治思想の問題だろうな。
461,"無関心よりも偽善！
他人にゃ偽善に見えるかもしんねえが、自分が善行と思ってんなら立派な善行だ！！ https://t.co/QcG78whdge"
462,"天才紹介「岡田康志」、「灘高史上最高の天才」と呼ばれる最強レジェンド https://t.co/2BZ1cT5xxI 
#ギフテッド #ギフテッド支援 #MENSA"
463,"知り合いに「山本太郎は演説で泣くから嫌。政治家するんなら感情コントロールしないと」て言われた事ある。
私は「感情を、

【山本太郎】感情が高ぶり涙を流す神演説！【れいわ新選組】#山本太郎 #れいわ新選組 #山本太郎切り抜き #切り抜き https://t.co/sWsLjxc5rT @YouTubeより"
464,今回の冬至図。そうきたかーという感じ。まず木星が牡羊座に入った12/20のあとの22日冬至。天候も含め、政治も含め、金利やゼレンスキーも含め、グワァと嵐のように目まぐるしく動いていく中、別次元で不思議な光がある。軽さ？のようなもの→
465,"20210728小池百合子の強行での自宅療養での不安、小池百合子の時でもわかるように、政治家は体調悪いといえば軽度でも入院できるから、世間が何を不安に思っているか分からないんだろうな。政治家に庶民感覚のある人は皆無。
#備忘録"
466,"将来の夢＝職業名

ではない！！！

（たとえば先生、研究者、政治家）"
467,"北村さんは半谷川派として最後まで頑張って欲しくはあります。次の新長崎3区も反谷川金子派の方に頑張って頂きたいです🙏

北村誠吾氏“爆睡常習”“欠席率ワースト1位”公式HPの「ムダにしません、汗と税金。」宣言とのあきれる言行不一致ぶり(SmartFLASH)
#Yahooニュース
https://t.co/MEuZD4Rgaa"
468,@dice2 キシダ政治を許さないんだからな
469,@merjune3 貧乏長屋の俺はええけど政治家は女に弱かったらあかんねん。
470,続）「このことは心に刻んでおかなければならない。政治家たちは今でも先住民の権利を認めるなどとはっきり請け合うが、それが単なる票集めのための舌先三寸でしかないということを、あなたも目の当たりにすることだろう。」サパティスタ/セルバ・ラカンドナの第６宣言
471,"政治家って呼ばれるオッさん達がTVでの映像でスーツ姿がよく流されるのですけどそのスーツにフケがたくさん付いてるとマジで吐きたくなるんだ
もすこしなんとかならないもんかな？
あんな汚いジジイどもが日本を動かしてるなんてね~www"
472,"@nipponkairagi 責任を負う立場になると
何も出来ない連中が好き勝手に奇麗事を並べる事を
寛容という"
473,空軍力は結局のところ陸戦の補強であるはずなんだよな　そしてロシアは圧倒的にそれを持ってる筈なのに全然使えてない 小泉 悠×東野篤子×高橋杉雄「大忘年会2022」 #国際政治ch 135 / ニコ生視聴中 https://t.co/9HUJCnlR7l
474,私の周囲のリアル政治関係者は、普通にLINE使いまくっています。 https://t.co/k2ow3iXVC1
475,@Dongyun10786885 哈哈哈哈
476,"@chinkashimada 所詮はアフィカスの囲いだから一辺倒な攻撃しかできない
今まで相手してきた政治界隈とか反ワク界隈の連中に比べたら全然楽な相手"
477,"@IsamuSekai そこは違うと思います。
私が問題にしたいのは、今の野党議員は本質的な議論から逃げていると考えるからです。
もし、本気で政治に取り組もうと野党議員がしているのであれば、昨今色々と問題の起こっている憲法に関する議論になぜ正面から取り組まないのでしょうか。私はそこに逃げの姿勢を感じます。"
478,"まず立法側で荻生田さんのリーダーシップに纏まる体制を作って、財政と税制と日銀人事の側面だけ、行政に対抗できる体制を作るべきだと思うな。
それ以外の政策は特に間違っていないので別に対抗する必要も無い。"
479,"@kyoto_np みかんと勘違いしたんだよ
いいオレンジ色をしてたもんでな
ちょっと酸味が強いかな…"
480,@xo749100naniha @ACh3G1281awDrba こんなに使途不明金があるなら増税しなくてもいいでしょう！先ずは使途不明金を探して防衛費に当てて下さいよ！
481,政治家が襲撃された事件のことを思うと須らく辛い気持ちになるけど、緒方竹虎が帝国ホテルのロビーで殴打されて重傷を負ったときに着てた血みどろの背広を篠田弘作が洗って終生大事に着てた話だけはどうにもならないくらい好き
482,"戦後、国家観を亡くした日本の病…
収入が安定しない国民の懐に手を伸ばし「安定財源」という政治家の病…
青山繁晴議員をリーダーに変えていこう。

【ぼくらの国会・第452回】ニュースの尻尾「防衛増税という病」 https://t.co/Yg2OATUNJu @YouTubeより"
483,"81年前、チャーチルが真珠湾攻撃ののちに「絶対に降伏しない」と言ったフレーズをゼレンスキーも使った。
81年後、上下院議長が女性というのは感動的だった。https://t.co/LDvIkXaCkP #axiosam"
484,@oGpRNWvlluyTacs @sharenewsjapan1 各都道府県知事を筆頭に、政治家達に腹を立てています😤
485,"@pchip3 ネットでは、味方になってくれるコメントや、誹謗中傷のコメントなど両極端だけど、自身が間違っていないのならば負けないで欲しいなと思っています。
議員に立候補のしたのであれば、議員として成し遂げたいこと、政治理念なども発信して多くの人に理解されるように活動して欲しいなと思います。"
486,もう政治はAIがやった方が余程マシじゃね？
487,@AAiAvmIrZVVUL4b @Mark2Yoneyama @ARIA6663 今だに、日本の平和は守られていると思っている人達❔世界的影響力の政治家が暗殺される国が国際紛争の真っ只中に有ることが認められないのか‼️もう戦火は国内に入り込んでる‼️
488,誰のために政治やっとだコイツは? https://t.co/2OBncX8CUB
489,政治思想自体は反🇯🇵だろうが陰謀論者だろうが多分どうでもよくて、過去にあった犠牲者や被害者のことよりもその思想を優先されたってことが自分の中では許せないのだと思う
490,"何度、何度、祖国の政治に絶望したか……
成り上がるにはバシリカの権力を利用するしかなかった。"
491,"岸田政権　政治のタガが外れている　2022.12.22 https://t.co/WV6BUts2b3 @YouTubeより 
こちらへの取材と署名よろしくお願いします。"
492,"偉人語録
モチベーションをアップ!!
「行動は幸福をもたらすとは限らないが、行動の無い所に幸福は生まれない」
ベンジャミン・ディズレーリ(イギリスの政治家)"
493,"いつのまにか国の衰退を年々感じるようになった。
きっとそれは必然。

暗いニュースや嘘ばかり流すマスコミを軽蔑する。
不条理な政治を行う政府は何の為にあるんだろう？

これらの集団は意図的に民衆を貧困にする組織だと確信してるよ。
無意識でそこに属してても罪は消えないんだ。"
494,【渋沢栄一➀】全く腐敗の極に達し、国士の風あるもの皆無。国君たる御方は如何なる恩考へを持って国を統御しおらるるか、其政治の傾きは如何であるか、其人と成りが十分に頼むべき力があるかと云ふ点になりますと、是は如何に私が朝鮮を弁護しましても弁護に苦しむ。(『渋沢栄一伝記資料』別巻5)
495,@t2PrW6hArJWQR5S こういう無駄な政治家の金を全部まとめたら、国防費の多くを賄えそうな気がする。
496,凧が一番高く上がるのは、風に向かっている時である。 風に流されている時ではない。チャーチル（イギリスの政治家）
497,"これは安倍政権の陰謀です。原発再稼働への批判を反らすために不当逮捕誤認逮捕しても文句言えない社会的弱者を犯人として冤罪逮捕した。ワイドショー政治で見せしめ死刑になる。

茅ケ崎刺殺、逃走男性の身柄確保　殺人容疑で逮捕へ　神奈川県警 https://t.co/3A5yWXVqGK"
498,「ボキャ貧だからな、おれは、ボキャブラリーが貧困だから、いい言葉がなかなか出てこない。お疲れさまの一言だ」 小渕恵三：政治家
499,昔シンガポールで出会った中国人学生はシンガポール人になって、カーリング選手になり日本で合宿していた。若い香港の政治家は、大阪で商売を始める。若いころの友人があちこちで交錯し始めてさながら小説のようである。
500,"@Admiral69705476 同人誌で政治家が今の日本の問題について取り上げるってすげぇ時代だよな()
この時代に生まれてよかった"
501,いや、政治家という商売は例え意識が飛んでてもまっすぐ前を見てそれっぽい顔をするべきかもしれぬ。
502,"@10mokun3961 貴重な証言ですよね
先生は時代の要請から公明党を発足させましたが、一度政党を立ち上げるとそれを終わらせることがいかに難しいかを悩み続けられたのだろうと思います。議員や職員の生活もあるし党の政治力利用しようという輩も出てくるし

それがいまの公明党の漂流につながっているわけですね…"
503,茂木外相の政治団体、使途不明の支出が１億2000万円以上　全体の97%占める：東京新聞 TOKYO Web https://t.co/rs9Uex3v1D
504,"【人物】

●中国共産党を指揮し、中華人民共和国を建国した政治家は誰か。

解答：毛沢東"
505,「まったくもって情けない現実だが、 人間というものは権力をもてばもつほどそれを下手にしか使えないものであり、 そのことによって、ますます耐えがたい存在と化すものである。 」　ニッコロ・マキャベリ
506,"2022年の食品の値上げは2万品目超。値上げ率は14％。それに加え電気・ガスやあらゆるものが高騰していく。

で、「賃上げ4％」？
何処を見て政治をしているんだろう、この人は？
「新しい資本主義」って既存の搾取やりたい放題のことなのか？国民収奪のことなんだろうか？
https://t.co/hVujg9MskB"
507,"@YahooNewsTopics あげてもいいけどさ、結果国益にならなかったら回収してね。

勉強はできても日本の政治家は金の使い方、経営が下手くそすぎる。"
508,@kurayami_dog 歴史的事実を認めずひっくり返す安倍政治をそのまま実行継承とは情けなきにも程がある。
509,"藤原道憲

【統率】　60
【武力】　40
【知力】　85
【政治】　70
【魅力】　30"
510,日銀の「利上げ」はアベノミクスの終わりの始まりなのか　安倍氏の死去で政治力学が変化？：東京新聞 TOKYO Web https://t.co/bNRiMszKSy
511,@mezzopiano_777 密林探検に行きますか(^o^;)
512,フェミ系のそこそこ有名っぽい学者らしき人が、外山合宿出身者の急増ぶりに震撼し（？）「私も合宿やろうかな？」と呟いてるのを見かけたが、どんどんやればいいと思う。しかしフェミも反ＰＣ派も天皇主義者も反日極左も過激派も穏健派も、反政治の芸術派やノンポリすら集まるのは外山合宿だけだろう。
513,@kunar_vegan 引き際を逃した結果ですね😿このようなニュースは政治家の信用をますます無くします😔
514,"#拉致被害者全員奪還 #前科一犯の辻元清美
辻元清美
「北朝鮮には（戦後）補償を何もしていないのだから、そのことをセットにせず『九人、十人返せ』ばかり言ってもフェアじゃない」
これが現：民進党所属の政治家の発言です。問題軽視にも程がある。こういった政治家を選挙で落としましょう！"
515,「政治家の生命力ってゴキブリ並だよねー」「こそこそ逃げまわってしぶといところが似てるってこと？」「いや、新聞で叩けば死ぬところが」TrixterLive
516,"首相 大雪予想地域は外出控えて

ほんとこのダメ総理はお願いしかしねぇなぁ。
平日って考えたら、殆どが方が仕事だろ。政治家みたいに居眠りや、海外にいて国会に出席しなくても血税を貰えるのとは違い、ちゃんと出勤しないとお金貰えない庶民の声は一生届かないな。

https://t.co/V5iV3zS0gp"
517,政治的発言しようとしたけど多分蒼〇わかんないから〇ね
518,"術都アルラステアはファンタジーに憧れる人が好きなタイプの都市だよ
ザ・ファンタジーという感じの街並みで、ヨーロッパと呼ばれていた頃のアルディオン大陸の西側の古代の技術、政治を参考に作られている街だよ
ちなみに術都の名の通り魔術が盛んだよ"
519,"@jyoppashibainu 政治屋はここ触れんよね。知らんわけないのに...
これ一つを見ても、政治への信用ゼロ😑"
520,"政党などと言うものは自称政治通を白組赤組に分裂させ
各々に論じさせ満足・ガス抜き・届かない批判を止まぬ豪雨の如く提供する装置
国会など台本有りきの見世物小屋に過ぎない
☺️上層は管理者の任命で人事されている
なぁ きしだくん
そう言えば南朝系は何処だい？
背乗り以前に北系が続いているが？ https://t.co/aO1k2MJ6rI"
521,モリドー、大物の政治家の秘書やってるくらいだから大学卒で最低２２歳あると思ってる
522,@satsumaimokarin 政治動かしてる人が実家が太い人ばかりだもの、こんな世の中になりますよね…。やっぱり選挙だいじ！
523,"@Gurenko_Andrii 当初はロシアを侵略者であると認識していたが、ロシアへの長期に渡る欧米からの(米国や英国からの)政治的、経済的な侵略を知ると、ロシアのウクライナ侵攻もロシアからの論理があると分かりました。
一方的な欧米側からの論理でロシア外交を行うと、戦争の長期化を目論むアメリカを利することになる。"
524,"いま、日本の政治が危うい。こういうときだからこそ読み直したい。23年前に書かれた本ですが、驚くほど現在の日本の現実を予見しています。
『なぜ日本は没落するか』
森嶋通夫 著　岩波現代文庫 社会205
https://t.co/IM8hKThHMJ
#政治家 #政治 #教育 #金融 #産業 https://t.co/G4Q13PprfL"
525,@sharenewsjapan1 初めて息子を知ったのだが、画像でキメ顔してるあたり性格が・・・政治には向いてないんじゃないだろうか。
526,"@tcy79 見栄の張りすぎ！
政府のお仲間会社が、税金を中抜きするから、ドンドン費用がかさんで、蓋を開ければ、莫大な出費になる。　政治家は、バックして貰うから、止められない。国民から搾り取った税金を、こんな風にされるなら、オリンピック要らないね！　なんと浅ましい、棄民国家だろう。"
527,@izumitaiyouyama 政治家は口が一番仕事するから、｢あの｢…責任を取る…｣と言うのは〇〇に関して言った事に対して、責任を取ると言う意味で、ワクチンの被害に関しての事ではない｣…みたいなのらりくらりかわしそうな気がする、あって欲しくはないですが💢
528,"政治家なんて1億以上の金の使い道有耶無耶にしても、捕まりもしない
たった、100円で捕まる爺さんが居る。
たった、100円すらなくて盗み働く若者が居る
お巡りさんあんたらが捕まえるべきは国民なのか？

日本政府はある意味神対応だよな"
529,国民がいなくなれば国家は滅びる‼️国家を大切にするあまり国民をないがしろにしたならば全て無くなる😱😭外国の侵略よりもバカな政治家や下らない財務官僚等を無くせば日本は栄える😱😭 https://t.co/k3WmdBJwRd
530,@kenji_minemura 小泉さんに対する味方が変わりました。政治家はメディアに出て自分を好感的に魅せるすべを知っているので信用していませんでしたが峯村さんのお墨付きなのでこれから応援します
531,@ojimakohei やった感だけはいっちょまえだなまずは自分の政治活動の領収書でも全開示してみたらどうよ？
532,"@mty0422 @sharenewsjapan1 つまり政治家の中の無敵の人ってことかｗ
権力ある分やっかい過ぎる。"
533,"誰にどの口ッ卜番号を打つかは、予め振り分けているね……。

政府と製薬会社の橋渡しをしていたのは、ファイザ一の株を93.1%保有の創かUSAと、ビル🤮イツから感謝状を貰い💉を爆発的に推進してきた、創か政治部の公明トウ"
534,@q3LbI8s0ckxcj56 【性器男・山口敬之みたいに安倍会に入ると、】強姦やり放題だよ〜　君も自民党安倍会に入らない〜〜？？ - キッズ政治クラブ - Yahoo!ブログ https://t.co/k5CPT1emCf
535,@q3LbI8s0ckxcj56 安倍陰謀でツイッター妨害されてました【豚うんこ野郎の　安倍に負けません】　安倍を政界永久追放しましょう。 - キッズ政治クラブ - Yahoo!ブログ https://t.co/YD73PevgNP
536,"これはTwitterの世界でも同じだと思う。
ある程度自分の意見を主張し、これ以上続けたら関係が壊れるだけと判断した場合には、さっと話から手を引くのも大切なことだ。全てのことに同意見の人などこの世に１人もいないのだから。 https://t.co/Z0J3hlyFCA"
537,"カッシュ・パテル

ねえ、イーロン、FBI はあなたを陰謀論者と呼んでいます。  FBI と Twitter のすべての契約、FBI が Twitter に支払ったすべてのドル、FBI が政治的標的に基づいて Twitter で言論の自由を検閲したすべての事例をリリースします。 彼ら自身の傲慢さでBlastに参加してください #FWK https://t.co/lAHQB5RAwM"
538,@kumax035 @surumelock 政治家が手を組んで出張ってくる？
539,【都市人口率が高いのに首都以外に人口集中】ブラジルは先進国ではないんだけど、内陸部は熱帯林や草原が多いため、都市人口率は高いの。首都ブラジリアは高原に計画的に建設された政治都市で、サンパウロ(1100万人)、リオデジャネイロ(620万人)が人口の多い都市ね。
540,"正直

政治もコロナもへそ下も事件も飽きてきた"
541,政治学者とか社会学者とか、真理にも科学的見地にも、何も関係ないじゃん。 https://t.co/Fq9W1xvaaW
542,"こういうネタは「政治的」ではないのかな。
喜んでる人たちは「漫画に政治要素を加えること」に拒否感示す層と被ってそうだけど。"
543,"@akiy87273893 @climbarkdust 本当にこんな政治をしない政治家を増やす事に危惧しか無い。

国民の為の政策より、自党のプロデュースを優先する党首。

お金儲けに政治を利用する党首。

そして50〜60代で選挙に行ったことが無い人に聞きたい、

貴方の子供達の未来は明るいですか？

この30年の衰退から脱却したくないですか？"
544,"あらゆる法律が特権階級に適用されない事が明らかになると秩序も治安も一気に崩れる。
政治家も官僚もいい加減にしとかないと圧倒的多数なのは庶民である事を身をもって思い知る事になるぞ"
545,"@mainichijpnews そりゃ、ちょっとでも恩を売って良い顔したいというのは人の情。
ましてや、人並外れた欲を持ち合わせる政治家なら尚のこと。
いつまでも、こんなしらみつぶしの骨折りなどしてないで、政治家が金を使うときには覚悟がいるというシステムを作るべき。政治家と金が当たり前になり過ぎている。"
546,"日の丸アイコンの御仁のツイートは加賀温泉のイメージを低下させたい意図があるのかな？

というかあっつんさんを叩くアカウントに日の丸アイコンが目立つのは決して偶然じゃないだろうな。害オタとネトウヨとの親和性はやはり高そうだ。 https://t.co/x6zrT55ezJ"
547,"・政治も選挙も興味ない有権者たち
・「Jiminが正義でKyosanが悪魔」という洗脳教育を受けた人たち https://t.co/QCI6RdZxSs"
548,"@UME_CombCha5959 本当それです。

驚くほど粗末な給食の自治体を見てると、学校での唯一の楽しみがこれでは子供の心も荒むだろうと思うし、家で食べさせてもらえない子のことを考えるともう😔

政治家は自分らばかりが肥え太ってる一方で子供には粗末な食事を食べさせて、、一体どんな後進国なのこれ、と思います..."
549,"@yukanfuji_hodo @nipponkairagi 萩生田さんしか頼りになる政治家は居ない。
頼む🙇‍♂️"
550,"リベラル（社会主義思想）が共通の党。自民党親中派とともに
日本をジワジワと経済弱国にするのが目的。第三者がこう見えていることを彼らは自覚無し。自民党議員も自覚無し。国民は政治家の選びようがなくなっている。 https://t.co/fYPPVr5l77"
551,"""日本は発展途上国へ?!原発怖い?!どこよりもNEWSをわかりやすく解説#切り抜き #チャンネル桜 #室伏謙一"" を YouTube で見る https://t.co/0M5S7cvI59 #政治 #経済 #育児 #教育"
552,@sharenewsjapan1 デスノートかよ
553,しかしあまりの不祥事続きで、映画監督どもが偉そうに社会とか政治に口出さなくなってきてるんだよな。。。。それそれでマズいような気もするが、うざっかったんでまあいいかw #実写邦画　#是枝裕和　＃深田晃司 https://t.co/ctShFw2NCs
554,田原さんみたいな「嘗ての」インフルエンサーがこうだと、それが雰囲気になって、「政治と金」がただの標語みたいになっちゃう一端になってるんじゃないの？(T△T
555,"@jSs61VsnBvTR4Jl 外国の人たちが円を。購入するか。
購入しないかの。問題です。
現在日本政治家信用は？？"
556,これは・・・。
557,日本列島は皇国である。皇神が世界を統一する為の臍として世界の型にしてある証拠である。天地創造の皇神の実在の証拠である！
558,マスクを自由にする会の行動力に追従しなければ
559,"多くの人は、ロシアがウクライナに侵攻する9日前にドンバスでの砲撃が増加したことを知りません。
戦争の最初の因果関係が真実なら、ロシアとウクライナの間の最初の戦いも嘘で勝ったことになるはずだ。
👇
バイデン政権、米国の政治当局者、企業メディアは米国民を第三次世界大戦に陥れようと嘘をつく https://t.co/9G7ep3rJeY"
560,"⑭アメリカに対する日本がまさにそうですね。

例えば日本でアメリカ人が酷い事をしても、堂々と非難しない、余り怒らない、或いは遠慮しいしい怯えながら怒ったふりをしてみるだけ、とか。

沖縄で小学生の女の子をアメリカ兵が強姦した事件のときもそうでした。"
561,"何故うちの家がこんなに洗脳されているか
三重県→イオン→岡田克也
昔から政治に協力的な家で民主党支持
朝日新聞大好き
毎日永遠にNHK
母は保育士で公務員だったため、共産党系とも関わりあり

父はたまたま未接種だが、母親の洗脳が凄い

逆に目覚めた私が凄い？

洗脳の英才教育って感じ🤔🤔"
562,"中央ヨーロッパ連邦の国歌
中欧連邦では、1854年からの国歌である｢神よ、皇帝フランツを守り給え（Gott erhalte Franz den Kaiser）｣がそのまま用いられている。これは、あくまでも同国が神聖ローマ帝国以来の由緒正しき国家であるという政治的主張の一種である。"
563,黒川あつひこの政治資金報告について【つばさの党、オリーブの木】 https://t.co/kL8REcj6oQ @YouTubeより
564,アホ抜かす政治家は、詫びて辞任するぐらいの覚悟で言って欲しい。 https://t.co/fYjSZ0ynx2
565,"検察べったりの
司法クラブの社会部記者たちは、
検察と政治の「裏取引」を追及せず、検察の言い分に沿って
事件を報じるばかり。

「なぜ逮捕せずに略式起訴なのか」と検察当局を厳しく追及する気配は
みじんもない。　記事より
ーーーーーーーーーーーー
#薗浦氏 #略式起訴
https://t.co/vfGnU2obhi"
566,茂木外相の政治団体、使途不明の支出が１億2000万円以上　全体の97%占める：東京新聞 TOKYO Web https://t.co/cGvPHaV7vz
567,"@miosugita ①さんにブロックされて、なんてツイートしていたか見ることができないのです。余りよい印象は持ってないので、杉田さんもお気をつけ下さい。

https://t.co/BNi2ktYgHv https://t.co/XdKWgaLo9n"
568,"@otokita 必ずしも良いとは思ってなくて、
・プラス面：組織が引き締まる
・マイナス面：対立陣営が盛り上がる、優秀な人材の損失

松井さんもそれで政治家引退となりました
ただそれによって若手の台頭が早まった思います
もし吉村さんが代表を辞めても次の優秀な方々が脚光を浴びるチャンスとも言えます"
569,"この場合は政治に関わるからという理由があるけど、パッと見、件名だけ見たらもうこじれまくっているなぁとしか見えなかったｗｗｗ

まぁこれで結局さらにこじれるんだろうけどねぇ・・・ https://t.co/m0iDK7EznI"
570,"赤ちゃんのオムツを買った消費税で得た財源で
国の政治家や国会議員は利権や中抜きして世界第3位の給料もらってるねんな〜
賃金の平均が下がってて
この不景気なのに税収が最高記録とかおかしいもん〜"
571,@Narodovlastiye 災害は毎年繰り返しやって来る。何回も同じ目にあっても、又、やられる愚を繰り返す政治屋と霞ヶ関は国賊、反日猛毒である。
572,法律的にであれ、倫理的にであれ、自分の信じる正義的にであれ、「正しい」の基準を明確にしないまま社会や政治を語るお陰で、いらん所でこじれている会話のなんと多いことか。
573,@RusEmbassyFXXK 元は一緒やん。政治的な絡みでこーなってるだけ
574,"政治家は北朝鮮が大好きだし警察はヤクザが好きだね。

支持率落ちたら北朝鮮叩きをしだす。警察もヤクザネタにはすごく食いつくし一般人がやっても見逃すような些細な罪でも引っ張る。"
575,政治家なんかどうせ遊べないんだから平均年収ぐらいでいいだろなんでそんな無駄に金抱えてんだよボケが
576,グンディのグンディによるグンディのための政治
577,めちゃくちゃ論点がズレてる。政治家がこれだもんな…状況が改善するはずがない。 https://t.co/XKfh8CvfQE
578,"危機感からRTします

政治や政策に対し、通常支持者の範疇を超えた、過剰な便宜がはかられてきた疑いを抱いてます。

特に憲法改正草案は、
""勝共連合の思い通りに作られ、大多数の国民の人生と現行憲法の理念を踏みにじるもの"" に見えます。
もし仮にそうならば、強引な改憲は国の乗取りと同義では？ https://t.co/MvUXfAFsuO"
579,”死んだ者を取り返す方法があれば、戦争は終わるだろう”（スタンリー・ボールドウィン：イギリスの政治家・首相）
580,うーん。
581,"🇯🇵ムン・ジェイン政権の統計捜査疑惑、「かつての各政権では民間との乖離は少なかったのにムン政権では2倍や4倍に」との指摘🇯🇵
👇
https://t.co/Syp4yvYTlj

#保守派
#愛国派
#日本人 
#日本
#右派
#言論人
#論客
#保守言論
#保守系政治家
#政治家
#政治
#相互100
#フォロバ100"
582,"🇯🇵ゼレンスキー「支援は慈善ではなく投資！」米国議会「拍手！（画像」トランプ長男「ｾﾞﾚﾝｽｷｰは国際福祉の女王（意味深」ゼレンスキー「欧…🇯🇵
👇
https://t.co/rCuBK30D7C

#保守派
#愛国派
#日本人 
#日本
#右派
#言論人
#論客
#保守言論
#保守系政治家
#政治家
#政治
#相互100
#フォロバ100"
583,"物事は初めはきまって少数の人によって、

ときにはただ一人で始められるものである。

-　ガンジー　-
（インドの弁護士、宗教家、政治指導者 / 1869～1948）"
584,"まさに今日、政府が示した原発政策の大転換について速報解説です。脱炭素のなかで原発重視を避けては通れないことは明らかでしたが、安倍・菅両政権でも出来なかった政治判断に岸田総理が踏み切った形です。

安全保障問題しかり、「捨て身」ともとれる政治判断が続きます。
https://t.co/7LtXe001zd"
585,うぢの出身の政治家や芸能人は正直あんまし多ぐねぇんだけども、作家、漫画家、音楽人、芸術家だのの文化人に関してはやだらど多い傾向にあります。それでも他県さ比べれば有名人の割合は少ねがもさねばって、天才、鬼才と呼ばれるような一風変わった人をポロッと輩出すのが、うぢの特徴がもしれねな。
586,子供達が小学生になる頃にはきちんとした性教育を受けられる社会になってて欲しいって思うけど、今の日本と頭の硬い連中ばかりが集まる政治じゃ無理だよね😞今後何十年か後にはきっと日本消滅してるよね💦人口海外にながれすぎてさ。
587,"これデマですよ
工藤雪枝って、雅子さまの友人を騙り儲けている人間なのに、SNSでは悪口とデマしか垂れ流さない。

あれは韓国寄りの発言ではなく、政治とは別にして国際平和の観点から平等に理解していかなくてはならない、と言う話。 https://t.co/CI6MGwBC0C"
588,平野啓一郎さんも書いてたけど自民の政治家って誰かの家族であること以外何の存在意義がないからね。自立した個人で考えられるとまずいんだろ。 https://t.co/K3E7UtcaRL
589,@nikone_25 @takkky31227 今度から大きいの買ってやってみます☺️👍 https://t.co/d9BZuUTxKy
590,"@fujiccopanko 起動→軌道、でした。

その上に軍拡のための大増税と日銀の利上げでさらに多くの国民が擦りつぶされそうです。棄民政策ここに極まれり。政策というか、そもそもこの国には政治がない状態です😨"
591,"@oppaiippaioppi @kazumakoizumi @67e38wJWOo2lQCm 私のほうが「個人宅を地図で示す、「上級国民」「クレーマー」などとYoutubeで騒ぎ立たてることは「違法・不当」な行いではないとお考えですか？」の回答を頂いていないのですが？

この件は、政治倫理条例に反するのではないかとして対応が検討されているようですね。

https://t.co/Iw0tJUxPG4"
592,政治にとって決定的な手段は暴力である
593,"自民党（の一部？）が自分たちの既得権益を守るためにアメリカに対して過剰に妥協することと引き換えにそれらを得てきたことが理由です。
日本の有権者たちが、アメリカと交渉する上での整合的な優先順位を政治家たちに対して自ら示すことを怠ってきた結果です。
「全部よこせ」では何も得られません。 https://t.co/klnFwMulHK"
594,"ウクライナとロシアの戦争は、ちょっと。。。わからない。長期化する戦争になるわけだけど。。。。まるで、永遠に戦争するような感じがあり。。。
  
でも、どうして、戦争以外で、解決できないのか。政治のわからない馬鹿な私には、そこがどうも。。。"
595,@konotarogomame お父さんの肝移植ドナーになった経験から、どうすれば日本の移植件数が増やせるか、政治家としてぜひ声をあげていただきたい。
596,"〉子ども手当は民主党マニフェストに提示され、月額二万六千円支給とされた。しかし、財源問題などのために実際には一万三千円の支給となった... 本当はぼくは三万円って言ったんです... フランスは円換算して三万円だったんです... それで出生率が回復したんです。
『職業政治家  小沢 一郎』p. 97"
597,"本当に悔しいよ。
何年もかけて進めてきたのに。
どうみたってプーチンさんは親日の方だったと思う。アメリカ国民がバイデンを選んだのが間違いだったのかもしれないが
すぐ故安倍元総理の話に持っていくのを辞めたいけど、故人が人生をかけて残してくれた財産を活かせない国の政治家は一体どうなのか"
598,元NHK堀潤氏登壇！日本最大級の若者×政治イベント「若者超会議2015」開催！https://t.co/jXmVg4aggv
599,薗浦前議員ら3人を略式起訴、政治資金規正法違反の罪 東京地検特捜部＝3年後復活許すなよ・・
600,"@indkouchya ガソリン、相変わらず高いな！

補助金って、便乗値上げして、企業の利益にする為の政治献金の御礼返しか？

二重課税、便乗値上げ、お客である国民を苦しめるのがガソリン元売会社は楽しいのか？

私はドMではない、ドSでもないが、ガソリン安くするのが社会的使命なのを忘れるな‼️"
601,公明党よ、新たな国家主義、権威主義の動きに対して立ち上がれ！ https://t.co/KsOQwkdEm7
602,"自分でほぼ中道かぁ…
海外のネオコンや宗教右派がかなり右だからこう出るのかねー？
伝統、文化は大事にするけど、平等は守るられるべきで、表現や性に関しては自由だからかなー

---
わたしに一番近い政治思想は「中道主義」だよ！あなたは？ https://t.co/xbEBS3WLNw #8values #8valuesJa https://t.co/LLKlK2Y8iy"
603,"@aiO319 三段構えありがとう〜‼️🥰🥰
私もなずなちゃんのなずなちゃんによるなずなちゃんのための政治を始められるくらいすき🥰🥰🥰
来年もよろしくね(^_-)-☆"
604,"倒れそうどころか、次々倒れていってますよね。

教員に対してと同様、直接人に相対する仕事に就く人を大切にしてこなかったこの国の政治の当然の帰結。

国はちゃんと支援しろ！ https://t.co/A1TVEhHBmO"
605,"万一、今後変動金利が上がれば絶対に政治に文句を言う人が現れるんだろうなと‥

変動か固定は自分で選んだのだから自己責任が当たり前。

私は一括で返せるキャッシュが無いのに家は買いません😓

35年ローン、、、長いですよ、、、35年は、、

35年前、、私生まれてなかった、、"
606,"「僕たちの世代は諦めてしまったから。非常識なやつらに主導権を渡してしまって、でも正しいことをしてくれるだろうと思いこんでいたのさ」
「でも僕の子供たち若い世代は、街で抗議し、政治に関与するということがどれだけ重要かということを認識しているんだ。素晴らしいことだ」
トムヨーク"
607,"説得力の無い政治家である岸田総理
情けない総理だな。
広島でまんじゅう食べてワイドショー見ると現実がわかるとアドバイス。

首相 大雪予想地域は外出控えて  https://t.co/LNiaPRYV7R"
608,日本国憲法は占領憲法であり、日本を１００年かけて完全弱体化させるための マッカーサー維新の中核だった。戦後６０数年で、みごとに日本弱体化に成功した。マッカーサー維新がいかに完璧だったかは今の日本の政治を見れば一目瞭然であり今の日本人を見渡せば、なるほどと納得できるというものだ。
609,"@nikkei しかし科学を知らないという政治家が多すぎ。
こんなパネルなんかつけるより余ってる石油
ガスで発電しろよ。植物は二酸化炭素を欲しがってる
のに。動物は二酸化炭素の塊の野菜を食って生きてる
のに、肝心の野菜向けの二酸化炭素をどんどん出して
あげろ人の吐く息は二酸化炭素。植物の吐く息は酸素"
610,"@ojimakohei 判断が遅いなー
それでも政治家？"
611,ネオ・ハリントニアンは『オセアナ共和国』の議論を応用し英国古来の国制の中でも特に王政と貴族政に注目しました。貴族政が王政に対して優位に立つことで政治の安定を保つことができると主張したんです。後の議会主権確立の歴史はネオ・ハリントニアンの狙い通りとも言えるんですね。
612,"原発政策まで正式決定しちゃってもう岸田君のやりたい放題だね
金利を上げて増税のアドバルーンを上げて野党は何やってんのよ
結局、野党が弱いと間抜けな政府の愚策が全て通って国民が割を食うのだよね
ホント国民が真面目に政治を考えて投票しない結果だね
#岸田に殺される 
https://t.co/UbsHEXkwSG"
613,"@ronpahei @livedoornews そうですね。
仰る事はありがたいですが、D Mですか？
私別に大した事言えないし、（調査が進んだら言える事あるが）政治や歴史の話題を細々と言うだけなので期待に応えられるか分からないですが、何らかそちらの興味のある話を振ってもらえれば出来る限りお返しします。それで良いならお願いします。"
614,"@merjune3 政治家の大切なとこだよね!
親父があれですから"
615,鶴保氏くら替え出馬案が浮上　自民、衆院和歌山1区補選 | 2022/12/22 - 共同通信 https://t.co/vxtfJ6tatJ
616,"FNN、FNS、フジテレビ、フジテレビ系列、フジサンケイグループはいらない。今すぐ消えてなくなってもらいたいです。
自民党と公明党、維新はいらない。自民党と公明党の政府はいらない。安倍.菅自公政治、岸田自公政権、岸田文雄はいらない。今すぐ消えてなくなってもらいたいです｡今すぐ政権交代だ｡ https://t.co/lBh7Kns1Ab"
617,"あれマッポ屋の利権だけどできるかしらね
ぜひとも刑法175条撤廃のために表自の政治家さんには頑張ってもらいたいけれども
&gt;&gt;RT"
618,"@bigmartube 元々、宗教や神や霊などは
愛する人が亡くなった悲しみを処理する為の概念だし
それを政治家が利用しただけです。なので自分で自分を怖がってるだけですよ👍"
619,政治家志望だったら馴れ合いでも発言は気をつけろよ😅 https://t.co/2YyidbOF0y
620,@himasoraakane 政治家よりも強いマニフェスト持ち。
621,"厚生労働省は、介護保険料や自己負担の引き上げなどについて、来年も議論を継続夏までに結論を出す

負担の増加ありきではなく議論を
新しく税金を投入するなど

夏迄にまた新税懸念も
#荒川区 #足立区

#65歳以上負担の介護保険料
など制度見直し議論継続決定 |#NHK #渋谷区 https://t.co/UCuRs7XWmT"
622,・俳優・タレント・歌手）岸清一（弁護士）田畑政治（朝日新聞記者）酒井政利(音楽プロデューサー)サトウサンペイ(漫画家)2018年西日本豪雨で亡くなった方藤島メリー泰子（ジャニーズ事務所名誉会長）須田正己(アニメーター）2021年8月11日からの豪雨で亡くなった方笑福亭仁鶴(落語家生活小百科）ジャ
623,"@fruit_milk_kan 政治と宗教と野球の話は大手を振ってするもんじゃない
喧嘩になるからね"
624,"@natsumeneko0 少なくとも与野党問わず変な考えの政治家がいっぱい可視化されたのは同意です
下手すりゃ大麻合法化すら推し進める政治家いそうで怖いところ"
625,せんせーのメンバーで今国際政治ch見てる人たくさんいそう
626,"自民党内での衝突だから対策も難しそう。

https://t.co/m6mK1fYQlr"
627,日本の政治家みたいな扱いされてるの可哀想
628,"色んな人がいて感情は揺れるけど
早く所得制限撤廃されて、Twitterのプロフィールから外したい。
叶えば、平和に前みたいなご機嫌ツイートだけする。

でも、石を投げられた時に相手を憎んだり嫌いになったり責めたくなるけど
本質はいがみ合うように仕向けた「政治」が悪い。忘れないようにしたい。"
629,"原発の安全性は置き去りにするが
医療技術の進歩にはブレーキ💦
責任逃れの役人と政治家はアウト💦 #医療承認"
630,マイナンバーでネット投票とかリアルタイム支持率反映とか全国民の投票で政治できるようになればいいのになるわけないからやっぱ政党作るしかないんかなぁ
631,若草のシャルロット https://t.co/87miDbMPqb
632,地方の一次産業が栄えるイメージがある。 https://t.co/efKNrCqC0r
633,"COP15の注目度もそうだけど、この国は根本的に政治の仕組みを変えないともうダメかも。
少なくとも経産省と環境省は一体となってGXを進める必要があるはず。お金の集め方も使い方も間違ってる😮‍💨
--
FoE Japan声明「原子力と化石燃料推進のGX方針に抗議」 https://t.co/K5Ikt46zdx @FoEJapanより"
634,"私自身が政治的なツイートがあったので
個人様を積極てきにフォローしてこなかった
人間嫌いとかじゃないから気にしないでください。
(嫌いだったら政治のことなんか関心ないと思う)"
635,"米国議会で必死の演説をするゼレンスキー大統領。一方、誤魔化した政治資金で銀座の女の子と遊ぶ日本の政治家。
　　　情けない❗️ https://t.co/qZ5lldd6iI"
636,"@koma_331 配信、おつこまーでした!
随分ラフな格好の政治家ですよねぇ…でも国民からの受けはいいかもですが。
資金も着実に増えてますし、フロアも盛り上がっていますから世界制服も夢では無さそうですねぇ！まずは政治家から抱き込んでいく政策かな…？
次の配信も楽しみにしています。"
637,"守るべきものはきちんと守っていく変えるべき事は恐れずに変えていく

その守るべきものを勘違いをせずに素人感覚を忘れない様にしないとね御歳95歳の人生の大先輩の言葉が…

深くてずっしり重かった…"
638,"＃なんて年だ
多分
テキトーだけど30％位の
政治家・富裕層・大企業の人は
なんも　感じて無い
多分
テキトーだけど70％位の
国民が
そう　思ってる
私も　70％ https://t.co/l92n8SqAI1"
639,"@jijicom 被害者救済法案は穴だらけです

かつて悪質商法で解散目前まで行きましたが「政治の力」で生き永らえました

このままでは、被害者が救済されないばかりか

新たな被害者がうまれます

負の歴史は繰り返してはいけません

統一教会の解散を"
640,衆議院の優越:内閣不信任決議→衆議院のみの権限
641,原発の処理水問題、モリカケなどでマスコミがまともに報道しないの明白だからね・・・。
642,"SDGsと地球規模な持続可能性に力をいれるのも結構ですけど、自分達の足元の社会の持続可能性も大事なんじゃないですかねぇ。政治家や官僚の皆さん。
今に追われるのが精一杯の余力のない社会、ゆとりや余裕といったもののない社会には未来への余地などありはしないんですよ。"
643,@MMM140806 日本人の半分が政治に無関心で投票にすら行かない。無条件で自民党の今の経済政策、デフレでも税金をさらにむしり取ることを容認するバカ国民どもに自覚を促します。お前ら！ボケーっとしとったらケツの毛までむしり取られるぞ！いい加減いつまで政治を人任せにするんだ！政治は生活そのもの。よろしく
644,"事実だとしたらアウトだね。
後継者として秘書官にしたけど、足を引っ張るようでは後継者以前に政治家になってはいけないね。
政治家になったとしても、蛙の子は蛙の子みたいにザイム真理教の信者として教祖様(財務省)に従う…ダメだこりゃ😑 https://t.co/BKh34Wqnmu"
645,"見覚えのある論調だと思ったら、やはり自衛隊批判の常連清谷氏だった。
指摘そのものは理解できる部分もあるが、相変わらず自衛隊批判の度が過ぎている。
兵器調達や防衛産業の諸問題は、武器禁輸や防衛費の自粛といった政治面の問題が大きいのではないか。

#Yahooニュース
https://t.co/TtxUb6pF5v"
646,"#キングメーカー

金大中と影で暗躍した選挙参謀との関係性、熾烈な選挙戦の裏側を描く実話を元にした政治劇

重厚さの中で小気味よい編集と印象的な演出のセンスが光る

大義と手段のジレンマ、光と影、切実な野心と眩しい憧憬の入り混じった参謀チャンデの感情の行方がドラマチック（ﾛﾏﾝﾁｯｸ) https://t.co/GeIP0vBmvR"
647,【中国海外警察】問題で「護る会」が高市早苗氏と政府を動かす！！参政党の「質問主意書」だけでは政治は動かない！！「護る会は何もやっていない」と言う... https://t.co/wwZnrW2UoM @YouTubeより
648,@buchibuchier @tantanyatokyoto 宏池会のホープが未成年女性と淫らなことをやられるのは岸田氏は絶賛されているんですね💩 その日暮らしの底辺にいる国民からすれば、税金で好き勝手に遊びに使う政治家は 💩💩 岸田氏も同じく💩💩 吉川、政治家辞めろ。ブタ箱 入れ
649,イギリス海軍空母部隊による飛行船基地爆撃についてはふれられているでしょうか? https://t.co/keMgdoyfSj
650,政党から政治家への使い道報告不要のお金、元は税金じゃないの？…各党の反論、説明は：東京新聞 TOKYO Web https://t.co/jxZwKbXXly
651,"JR中央線｢中古マンション｣が安い駅ランキング！ 特集一覧. 2023大予測｜政治・経済編. 新着あり · 企業 ...
リンク：https://t.co/lpvlcTs6X1
タ　グ："
652,自分の政治的意見が中立だとは思ってないが、流石に偏ってるかそうで無いかぐらいの判断はできる
653,"@ojimakohei もう遅いです。もはや何をしようと、貴方はとっくに政治家として信用されてませんよ。
貸借対照表や定款が黒塗りであることを全く意に介さないような態度だったじゃないですか。「のり弁ゼロ」の公約を実現済みと謳っておきながら。"
654,政治家は何にお金を使うのか？：日本の政治資金収支報告書は穴だらけ https://t.co/rAuPkGTZHu
655,なんとか3までこぎつけたが間に合うのかこれ
656,@myamaguchi15 @miyakosyn_35201 今日本を守れるのは政府のどこの機関でどの省庁なのか、どの政治家なのか、みんなでタッグを組まないと戦争せずして金で中国に日本を乗っ取られる、至急取り組んでほしい。とりあえず自民党の窓口に意見します！行動せねば…
657,政治家の注目が集まってる責任を果たしました🥸
658,シャヘドを使ってウクライナの防空の穴を探してる 小泉 悠×東野篤子×高橋杉雄「大忘年会2022」 #国際政治ch 135 / ニコ生視聴中 https://t.co/9HUJCnlR7l
659,@Narodovlastiye 今の政治屋は災害の発生が嬉しくて仕方がない。夏の台風による水害、土砂崩れ、冬の雪害の発生マスゴミはヒステリックに煽りまくり、被害者に同情するふりをする。腹のなかでは楽しみ、嘲笑っている。政治家と霞ヶ関は災害の事前対策に金も努力もせず、自然災害を強調しなて、愚民の目をそらしている。
660,"@z0TugxqHyj5Pxmt @goheavenjapan @dictator5353 @RBBJL7ZvJWWmaG9 やっぱりなぁ
残念だよ😢"
661,上昇婚+非下方婚。稼げる女のカネで稼げない男を救えないのなら、女がカネ稼いでも社会全体の利益に直接影響せず、世帯格差が拡大する一方。使うべき女性資源を温存していては、景気が良くなるチャンスも無駄になりがち。マスコミ政治家インテリが少子高齢化を本気で解決しようとしていない。 https://t.co/udx4bhXk97
662,"これって、どうして高須克哉院長街宣になってるんですか？

あなた方が仕掛けた活動なのに、何処までもあなた方は被害者意識しかお持ちではありません。公職者を志されるのであれば、いっそ真相解明にご尽力されては如何でしょうか？
それとも、真相解明したら政治活動に支障でも？ https://t.co/QvqpIMNjnB"
663,@sharenewsjapan1 恐怖政治の得意技。情報非公開としてやりたい放題すること。ロシアみたいになるかもね。
664,官房機密費1日307万円使い続けた菅氏 後年公表の仕組みを | | 小池晃 | 毎日新聞「政治プレミア」 https://t.co/OwqyA2cXpO
665,政治家たちが特定の団体から不適切と思われるような支援を受けても、それはその個人や団体の腐敗でしかない。問題なのはその腐敗を分かっていながら、一人ひとりの力なんて大したものでないと諦めて投票にも行かず批判しかしないことではないか？
666,@mrx_tama_wixoss 連邦政府の高官共とか政治家には特に。
667,"この乱立気味だと自民党になる。
市原市議選が6月にあるから少数政党もそこでの当選を狙ってという事だろう。 https://t.co/de3OKMTSp1"
668,"@ishimoto4 小池百合子の責任逃れには辟易します。
全部現場のせいにして自分は逃げる姿勢は政治家として最悪。
東京都民はいい加減にしろよ💢"
669,"@himasoraakane 暇空さんって政治家適正あるんだよな。
「やる」って言ったことを四の五の言わずやるところに政治家としての資質が問われるんだけど、それが暇空さんにはある。

まあご本人は政治家なんてやらないかと思うけど、その世界を見てみたい気もする。"
670,"@myamaguchi15 再生可能エネルギーって再生できないものを破壊して作ってる愚かな行為、、、
やっぱりこれは環境問題の話しではなく政治問題ですね。文明が発達しながら文化が堕落していく"
671,"@gggenx @cW4GFSMv43tb9IL たとえ戦争犯罪人でも、祖父の罪をその子や孫に問うのは道理的に間違ってる、と以前の私は考えていました。

だが今は違う認識です。
なぜなら、その戦犯の売国思想を金銭の土台と政治力と共に世襲として代々受け継ぎ、今だに戦勝国側に貢ぐ事を続けるのが使命の家系もあるのだと気付かされたからです"
672,政治家に定年を。
673,"@JPkyunkyun 実は政治結社（的なもの）を作ろうと考えている
君も入らないか"
674,政治について何も知らないのに自分が政治に口を出せると思ってるやつの何と多いことか
675,"F・ルーズベルト(1882-1945)米
「大西洋憲章」
第32代アメリカ大統領。戦後の国際構造について、英のチャーチルと協議した「大西洋憲章」で有名。また、ケインズの助言を受けて「ニューディール政策」を行った。"
676,戦後日本のパヨクで日本に投げやりな空気の核にあるもの。  反米感情を、全体主義者、勢力に政治利用されていることへの無意識レベルの苛立ち。  日本人なんだから、日本に立ち戻って日本から考えたらいい。
677,何となく曖昧な政治的スローガンや単なる一般論だけなら大した必要性はなく、わざわざ選挙の前に言うべきことではないし無駄である。
678,"【教育勅語〜後半〜】
勉学に励み職能を身につけること
知識を養い才能を伸ばすこと
公共の利益になる務めに励むこと
憲法や法律を守り社会の秩序に従うこと
危機のときは自発的に国のために奉仕し、皇室を助けること

基本的にいいこと言ってる。若干政治っぽくてアレだが。"
679,戦後日本のパヨクで日本に投げやりな空気の核にあるもの。  反米感情を、全体主義者、勢力に政治利用されていることへの無意識レベルの苛立ち。  日本人なんだから、日本に立ち戻って日本から考えたらいい。
680,@ppsh41_1945 悪夢の民主党政権と言われてきたが、今の自民党政権は更に酷い。今の日本は政治が全く機能していない。日本は坂を転がり落ちるどころか、崖から真っ逆さまに落下している状況にある。
681,水道は地方公共団体が直接供給することが多い。役所の中に水道局や水道部が設置され光栄企業会計として運営される。これに対しガスや電気は民間の株式会社を地域独占の公営企業として認め、料金については政府が直接に規制するという形を取る。
682,"＃財務省が日本を潰す
日本に財務省がある限り日本が世界で１番貧しい最貧国になるのは間違いない‼️情けない😵防衛、教育、社会保障等の政策に財源が必要になる‼️税金を財源にするくそ財務省が存在する限り国民に回る金がない無くなる😱😭回る金がないのに政治家や富裕層が大多数の金を吸い上げる😱😭"
683,ここ1年Twitterを見てて思うことは皆それぞれのパラレルで生きてるなと思う。ある人はずっとコロナの内容を語り、ある人は政治を語り、ある人は心理を語る。それぞれの世界が有るが、全く見てない人にはその世界は存在しない。凄く簡略化したけど次元の違いはこういう事なのだと思う
684,人は仕事がないと政治に関わり始める
685,皇道とは地上を皇（すべ）る道である。主師親の道である。經世濟民そのものである。
686,"日本書紀編纂者の邸宅？　奈良市中心部で大型建物跡
https://t.co/A1HmxuciT6
「この場所では遷都の直後、4町分が一つの宅地として利用されていたと推定。それだけ広大な宅地が与えられるのは最高クラスの政治家か天皇の皇子に限られ、その中でまだ邸宅の場所が分かっていない、舎人親王邸の可能性」"
687,"@livedoornews 利権のための官僚。
まさしく自民党政治のあらわれ。"
688,"大雪リスクを考えず、オンラインでできることをリアルにするから大迷惑！だから日本は衰退するのです。政治がダメなんじゃなく国民が愚か。オンラインでできることはオンラインで！
https://t.co/816EExPQvl"
689,"【無料！田邉塾の要点復習ドリル！】
＜学系その2＞
・政治学⇒https://t.co/J8PvRaPdOq
・行政学⇒https://t.co/xQZeg0qJaZ
・社会学⇒https://t.co/JqMHdMUjjN
・国際関係⇒https://t.co/WJdrVjiNsb"
690,一歩前進 https://t.co/fkXgFnwsPN
691,最近人気の漫画がアニメ化する時はNHKが咬んでるからな。フジテレビや電通は昔からだし。アニメ業界も政治に食われてしまったのだと思ってる。
692,@partyhike あなたが政治家になったら？
693,"Colaboの件、都政与党の都民ファは明らかに及び腰。あれだけ「ノリ弁ゼロ」と言いながら、自分に矛先が向かうと平気で真っ黒の資料を出す。暇空氏は都を提訴するそうだから、法廷で徹底的にやるしかない。

木下富美子氏のこともあったし、いち都民として、都民ファの政治姿勢は全く支持できない。 https://t.co/phQI0Vp2m0"
694,"トルコ・アーリア主義という政治思想も提唱者がオスマン帝国に亡命したシュラフタ身分出身のポーランド人なので、ポーランド・ナショナリズムの流れを色濃く汲んでいるんですよね。
亡命ポーランド人がトルコ近代化に果たした役割は様々な面で大きく、ここに連動する二つの衰退国家史の面白さがある https://t.co/maMj4LHcOY"
695,"#アシタノカレッジ
最近、政治資金についてすっぱ抜かれてたのって茂木さんだっけ？"
696,@MOJ_HOUMU よく我が国は「加害者に甘く　被害者に厳しい」と言われているが、こんな加害者だけを擁護するイベントばかり開催するのも　その表れに他ならない😡
697,"文化的に日本は外国に比べておっくれてるぅー
って言う奴ら
法整備が遅れてる。とは絶対に言わないよね
法務省？内閣？政治家？仕事しろ"
698,@ogino_otaku おぎの先生のような考え政治家はほとんど居ないでしょうから、一般市民が一揆でも起こさねば無理でしょうなぁ‥。
699,波取り記者の情報収集とロビー活動はすごい。Twitterで政治家の筆頭秘書とゴルフをしたのをつぶやいたらその秘書に連絡が行き「堀江さんと仲イイんですか？」と電話がかかってきたらしい。
700,"【選挙に出た六角精児】
六角政治"
701,"デイトレ速報 : フジテレビ、政治部記者が岸田政権の総理周辺を籠絡か
https://t.co/K5nWsWOsWL"
702,"反発している人はフロァー外の人です。俗に言うガヤの人達です。動物愛護をまっすく見ていない人と思います😊
政治的に偏った人達です🚩Ｑ"
703,自己中心で物事を考え行動する人は、決まって人生の敗者になります
704,無用なトラブルを避けるために、政治的な話題には中立な立場で居るのが、生主としても、社会人としても大事だよ。あ、後者は 引きこもりのお兄ちゃんには関係ないと思うけどね。
705,東京大空襲や原爆のように、悪くもない日本人を無差別殺人して、それを正当化するために、70年以上も日本を悪者にしたのですね。HGQのイケない教育です。純正日本人の政治家さん官僚さん、それらを直すために立ち上がって下さい。神に嫌らわれたエセユダヤが真正ユダヤの日本人に原爆を落としました。 https://t.co/t4B1l3tGPM
706,外務省だけは公文書が有権者の、国の財産であるということを理解している。これが他の官庁に広がるかどうかは政治の意識次第。https://t.co/oTtoTjYxF2
707,@kamipapa_ro 🇯🇵も笑えませんが🇷🇺の政治家、軍もお年を召した方が多過ぎ。
708,@RamApex3 @ensemble43530 それは『大衆は生活の不満を政治家のせいにする』という俺の意見に対する是非ではなく 『政治家の不満に対する解決策』の話であり 論点が違うよ
709,政府なんか政治なんかいらないとまじで思う。なぜなら今の日本は、臣(官)より民(民間)の方が意識レベルが高いからである。民の意識が高い以上、いずれまともな臣が出てくるのは必定とは思うが、早くそうなって欲しいと気が急く。やはり外国勢力の阻害があるのだろう。
710,政治は言葉です #深層NEWS
711,"@1RyfrB7zKJ1NE1P @AmiChatNoir ヤカラの石橋が止めた車に突っ込んでたら
無罪だった"
712,@rarokka_high 政治家難しそう&gt;&lt;
713,日本国民のいのちや健康を犠牲にしてまでも、原発に依存する政治家や原子力村の人々の存在‥みなさん、どう思いますか⁇⁇ https://t.co/aiaZCEohFI
714,まいど、戦前と戦後の歴史教科書を突き合わせて、縄文時代からの新しい研究結果も加えて、ちゃんとした日本の歴史教科書を作っていただきましょう。今の歴史教科は、文明文化の流れが、全部逆なっています。純正日本の政治家さんと文部科学省さん、子供の未来の為に、頑張れーーー。 https://t.co/oK3NMBoAko
715,"@giga_USAGI ワロタワロタꉂꉂ(ᵔᗜᵔ)
本編もあとで見てみる！

若い時はこんなに我が強くなかった気もする…と言ってもその頃は朝生を最後まで見たりもしてなかったし、今ほど政治に興味もなかったから真剣に見てなかったと思うけども。

うん、年寄りは""時代遅れ""になってくものだから、新陳代謝は必要よね。"
716,"真っ当な政治家・学者・マスコミならば

国の借金を帳消し（＝国債返済不要）にするための法改正について議論するはずのところ

「日本の借金1000兆円は大ウソ」という暴論がたれ流され、市民権を得ている地獄絵図。

諸々大増税され、年金受給額は減らされているという
現実の只中で。もはや喜劇。"
717,@koni_tama 政治家の癒着も問題だけど、こちらの癒着は生活に直結するから更に問題ですね。
718,"#自民党は利権と汚職と税金泥棒

#野党は反日と売国奴

どっちも最低だね
わたしなら色々と調べて #日本人 のための政治を行ってくれそうなところを調べて投票しますけど皆さんしてないの？w
聞いたことないから投票しない、っておバカさんが多いから政治も変わらないし生活も悪化するんじゃないの？"
719,高橋杉雄氏「守備の立ち位置が課題」 小泉 悠×東野篤子×高橋杉雄「大忘年会2022」 #国際政治ch 135 / ニコ生視聴中 https://t.co/9HUJCnlR7l
720,@ouendan10 日本に関しては極東の政治情勢のすべてに「統一教会」と自民党が絡んでいます。世界中の戦争に常に米軍が絡んでいるのと同じ。RT
721,"🐱参政党発起人です🐱
@matsudamanabu 
松田さんを認めていない
🐱参政党は企業献金など集めないし 党員に会費など要求しない
参政党に支部はない
政治勉強会などしていない
これら詐欺です 抗議します
🐱参政党代表は🐱チーム幹部 三浦瑠麗さんです @lullymiura
@takapon_jp 
@hirox246"
722,@YoshikoSakurai 中国人は、ご飯が食べらればいいと思う国民です、政治の事はどうでもいいのです、習近平には、面従腹背ですよ、人口が多いのです、王朝国家です、共産党主義は、一瞬です。🤔
723,まいど、CIAとKCIAの戦略でしょうか。在日電通のプロパガンダは巧妙です。政治家と官僚は、在日電通に取り込まれているのでしょうか？頑張れ、純正日本人の政治家さんと官僚さん。嘘か本当かは分かりませんが、いずれにしても、この逆をすれば、日本は栄えますね。顔晴ろう。 https://t.co/TpG19am6JL
724,"幼女「慶應の塾生ー、意識高い高いしてー」 
慶應生「経済学部/本日は貴重なお話ありがとうございました/インターンシップ/リーダーシップ/学生起業/留学/グループディスカッション/独政治学に興味あり/TOEIC900点オーバー」 
幼女「きゃあーー、気持ち悪い///」"
725,"憲法をくらしと政治にいかす
改憲NO！あいち総がかり行動

戦わないために闘おう

とめどない軍拡競争では、
社会保障や暮らし支援が削られるばかり。

#尾形けいこ https://t.co/vwgJtexsdJ"
726,"プラトンの国家論が採用されないのはうまく機能しないからですね。

唯識は国家のベースには成り得ないですね。

なぜなら経済成長をマイナスにするというようなアジェンダを掲げる政治家は当選しないからです。 https://t.co/mF2RBKEdWk"
727,"共産党には立派な政治家がいることはわかってますが、民主集中制だけはないわ〜と思ってます。
民主集中制が本当にいいと思ってるなら今の政権を批判できないでしょ？"
728,"黒川敦彦氏の政治とカネ問題、これからの展望 https://t.co/IX6YqDAQUo @YouTubeより 
＃オリーブの木 時代に党として借りた１億円、それを ＃つばさの党 になったときにウィキペディアでは党名変更になっているが、実際は借金を踏み倒すために解散したのでは？と指摘する荻津氏 #黒川あつひこ"
729,@konotarogomame お金で海外の助かる命を奪うより日本国内で小児ドナーと移植ができるよう法整備と環境を整えるのが政治家の仕事ではないでしょうか。
730,だから法律の改正が必要だし、全国ニュースで民事の問題をもっと取り上げないとダメ出し、学校教育のカリキュラムに入れないといけない(その前提として、教員の労働環境を改善するのが必須)。毒親への処罰を政治主導でやらないとダメ。国家は毒親を甘やかし過ぎてる。 https://t.co/ZjiuYd0GLU
731,"日本人として日本の未来を想い、日本にとって、地域にとって、良い政治家を選出しようとこの場で訴えている。
なぜ、このような妨害を受けなければならないのか。 https://t.co/OhcmEDUHQp"
732,"金や色で政治屋になる人は沢山いる

でも五十嵐は、生き方として、政治家という道を選んだ

自分の為ではない
世の為人の為に

鬼滅の刃の煉獄杏寿郎のように
#参政党いがらしまさお https://t.co/Ijmck7gWc7"
733,"事業の経営にしても、政治におけるもろもろの施策にしても、何をめざし、何のためにやるのかということをみずからはっきり持って、それを人びとに明らかにしていかなくてはならない。それが指導者としての大切な勤めだと思う。
#松下幸之助 https://t.co/pNehV8DwkE"
734,公務員から票をもらっている政治家 #政治家
735,https://t.co/4gxIglFyLl  日本は多岐他面に渡る侵略防止法を作った方がいいです。政治家さんは頑張って、日本への侵略防止法やスパイ防止法を作って下さい。CIAやKCIAも含めて、中国や半島は下記のような方式を狙っています。若い人はテレビしか知らない年寄りに伝えましょう。戦争には勝ちましょう。
736,『徹底検証　日本の右傾化』教育、政治、家族など様々な分野で右傾化がみられている。本書は各分野のジャーナリストや研究者が語る日本の右傾化について知ることができる包括的な一冊です。美しい◯◯などぼんやりしたものを理想化し、押し付ける社会は多様な人々を排除し危険だなと思います。#読書 https://t.co/WFPRbjpiaI
737,"いいなー
政治屋だと多めに見てもらえるんだ

特捜部 薗浦前議員らを略式起訴
#Yahooニュース
https://t.co/i74KCyxnSb"
738,"@ojimakohei 政治家より一般人の方が行動力あるし、成果出してるってどういうことだよ？笑
しかも騒いで掻き回して、足引っ張ってるって笑
選挙区の知り合いいるけど2度とお前に票入れないってさ"
739,政治家からブロックされる株クラ民、ワロタ
740,"@Mio_startrain 政治経済！尊敬～☺️
社会にいい記憶ないなぁ"
741,@AmyBrow03395490 良心商家遭陷害，西方政治阴谋真是可恨
742,@yxm818 民主党は民主党の支持者の政治をするし、共産党は共産党支持者の政治をする。それが民主主義じゃん。嫌なら選挙で選ばなきゃいいだけ。多くの支持者を集めた政党が政治を行う。右って言う人と左って言う人で意見が割れれば選挙して勝った方の方向に向かうのは当たり前。
743,身内の思いは尊重するけど、政治家がいたずらに募金の応援をしていい話ではない気がする(´・ω・｀) https://t.co/EQiVyEf6o4
744,「ジェンダー主流化」ジェンダー平等の達成のために、ありとあらゆる政策領域においてジェンダーの視点を取り入れる政策方針。またはそういった傾向が増しつつある状態のこと。公的には1985年の第三回世界女性会議で提示された概念であり、以後現在に到るまで様々な場所・方法で模索されつつある。
745,＃大阪破産　が見えてきた？　利権政治家馬場が発言！ https://t.co/iIZfFdWn3D
746,@AmyBrow03395490 良心商家遭陷害，西方政治阴谋真是可恨
747,「仕方ない」と黙るのではなく、自分がどんな社会を望み、どんな政治家に権力を託したいか、考えて、発信して、たくさんの人と声を交わしましょう。おかしいと思ったら「おかしい」と声をあげることは、自分が自分らしく生きるためにも、風通しの良い社会を作るためにも、なくてはならないアクション。
748,"twitterは人間不信製造機やで。
更に政治の現場もあかんな。
自分の承認欲求や野心、権力への執着のために綱領を都合よく上っ面だけ解釈して居座る選挙互助会なんちゃうか思ってるもん。
理念や政策に賛同して支持してるのがアホらしくなってくる。"
749,"@okg_999 まあ⁉️( ﾟ∀ﾟ)

大胆ブライアン
(///∇///)"
750,"@ojimakohei 提訴を知らなかった？
あんたこの件でさんざん炎上してその情報感度なんなんだよ。そんな間抜けに政治やってほしくないんだが。"
751,サッカー解説になったw 小泉 悠×東野篤子×高橋杉雄「大忘年会2022」 #国際政治ch 135 / ニコ生視聴中 https://t.co/9HUJCnlR7l
752,国民のレベルが低いから、政治家のレベルも低い。
753,害オタの悪質な嫌がらせ行為を叱らないファンって、彼らの行為を黙認しているも同じことだ。 https://t.co/9y437699s8
754,公的領域とは市民の自由な政治活動の領域であり「アゴラ(公共の広場)」において実現され、私的領域とは家父長が支配する経済活動と家族の領域であり「オイコス(家)」の中で完結する。このような公私区分論は20世紀の政治哲学者であるハンナ・アーレントの議論に大きな影響を与えている。
755,"🇺🇦の大統領は俳優さんだったよね？
政治家家系で代々継いでる人より余程有能なのでは？と思うわけで
けど
日本のタレント上がりの政治家で有能だと感じた人はいないのよな
でもこのままでいいとも思わない"
756,これはマジですごい、尊敬 https://t.co/6fEPSVRA3A
757,"@chiloner443 あっ…あっ…
要は首相が国粋主義者に見えるからってことでええんか…？
政治に関する知識1ﾐﾘもなくてごめんやで…"
758,@wu1256525 同求英一政治
759,@urano_teacha 寒いからストッキングを履きたい、先生たちも履いてるじゃないか、というのもありました。タイツはダサくてスカートの下にジャージはダサくない、というのと同様に、ストッキング履いて防寒対策、というのは謎です。。。
760,"もし実際の正義が法的なイーグルには無理だというなら、はっきした自己利益と政治戦略によって、アサンジは確実に釈放されるはずだ。

アルバネーゼのメッセージは、関係当局がついに壁に書かれた文字を見たことを告げるものだろう。』"
761,"ゆうやけめだまやき/音楽や闘病、政治、ゲーム、映画、ドラマなど : 六花亭、ビッグイシュー、喫茶店
https://t.co/I5IOU6ivU5"
762,@4zmtjNhT4OBfL8d 蹲英一政治
763,"@sonahawk_dj5as ロシア民謡ってどこか悲しいような暗い雰囲気あって好き
政治とは切り離して考えたいけど、やってることがやってることなのでそうも言ってられない…"
764,【じいや】わたしも秋羅も以前は王様に仕えていたんじゃ。わたしは王様の側近をしていて、秋羅は国の政治を占うしごとをしていた。しかし、ついこの前、私は訳も分からず暇を出された。町の人に重税をかけたのもこの頃だった。
765,"「和歌」部分少ねえな...！”皆の知っている和歌山県”を「和歌」と「山」に分けた図が想像以上の偏り https://t.co/Ow7TayvJZ4 #Togetter @togetter_jpより
最初の画像の、山の部分に集落が点在してるのよ、和歌山は
他の地方もそうだけど、そういうところを回らないといけないのが、地方の政治家"
766,@konotarogomame お気持ちはわかりますが、政治家としてすべきことが違うと思います。同じ境遇にある方が同じようなツイートをしていたら、河野さんは毎回、同じようなツイートをしなきゃならなくなると思いますが。
767,「6月に東京都杉並区長選で、現職らを破って初当選した岸本聡子区長の選挙参謀、内田聖子さんが講演。杉並区では1月、市民が「住民思いの杉並区長をつくる会」を結成し」　　市民活動から政治家を　尼崎市長選「市民、自主的に動いた」　大阪で集会　／兵庫 | 毎日新聞 https://t.co/WEATppLmEz
768,"@hiyamatakashi @nagatsumaakira お疲れ様です。どこの政党とかはいいませんが、自民だけが悪いわけでもなくて、当然立憲にも、あまり役に立ってない議員もいて、これも、誰とは言えませんが、政治が腐敗していますね。
議員というのは国民のために仕事をするのであって、金儲けのためだけではない、"
769,"偽善って、貧困女性を支援するとか言いながら、
政治運動に動員する事でしょ！？"
770,"会食なら経費、自腹だとしても税金から取った世界一高い政治家の給料で払うわけだ😟。
これじゃ本当に税金じゃなくて「年貢」だよね。殿様や兵隊を食べさせるために差し出したお米と変わらない。戦国時代は、隣国に襲われた時のためって名目があったけど、今は何もリターンがないのに徴収だけされる。"
771,@Mr_ShotaroSato @yuten_y とことん情けない奴らの集まりが政治をやってるんだし、大政翼賛会待ったなしですね！
772,"アルバニージーが言ったように、西側民主主義におけるこの不愉快な瞬間は、そろそろ幕を閉じるべきだろう。

アサンジが投獄され続ける意味は、彼を追う者たちが自ら掘った政治的溝に留まり続けるという病的な必要性以外にないのだ。→"
773,"政治家には不向きですね。
#国民民主党 から立候補してくれる人材であれば誰でもいい姿勢は党のためになりません。政策がすばらしいのだから、それを実現できる精鋭を集めてほしいです。

twitterのアカウントの使い分けくらいできたほうがいい。 https://t.co/ippqVOzStU"
774,"@super_nekopunch 蹴られて
ヘッドロックされたい
(///∇///)"
775,"…すると吾々は理性や思索を総動員し、プロパガンダと向き合い、それを社会的責任を持って扱わなくてはならないのかも知れません。
情報に批判的精神を持って臨み、討議的政治文化を構築して行く姿勢…公衆としての義務が、情報の発信者にも、受け手にも要求されている様に思うのです。
＃革命的文筆"
776,"私が知っている成功者はすべて自分に与えられた条件のもとで
最善を尽くした人々であり、来年になれば何とかなるだろうなどと
手をこまねいてはいなかった。
政治家、エドワード・W・ホーさんの言葉です。"
777,"@041105290523n え！？小麦を使った醤油があったって事ですか…衝撃なんですが🙄

食は、一気に変えるの無理なんで、少しずつ変えていきたいですね。

あとは、100%米粉パンの賞味期限が延びれば、日本の食は一気に変わりそう🥺"
778,フジテレビ、政治部記者が岸田政権の総理周辺を籠絡か https://t.co/gwlHGBRYCm #MT2
779,@masirito22 @ssk_ryo ズラは政治資金で購入した訳ではありません。
780,"「沖縄県民」がトレンドになっていたので思い出した。昔、政治とは関係の無いテレビ番組で沖縄のある父親が米軍人と結婚した娘の事を誇らしく語っていた。
米軍基地反対が圧倒的ならこんな自慢はできないだろう。
沖縄に行った事もないがマスコミの伝える沖縄のイメージには疑問を感じる。"
781,"トランプ大統領
①「『FBIとツイッターが共謀してバイデンを当選させたのだ！』とFOXの政治評論家が述べた。
②  2020年大統領選挙は不正に仕組まれ、盗まれたのだ」 https://t.co/0zfClCZqVB"
782,"@NEKOBEnearU @Bro_Nobu_ え！これ初めて知りました！
あまり話題にはなっていない（？）んですかね。問題になっていないことに問題を感じます。"
783,人にはすべて能不能あり。一概に人を棄て、あるいは笑うべからず。 (幕末政治家)
784,"糞迷惑な表示にしたのは誰だ❗
どうせ反日政治家だろう。https://t.co/LfJANXUEzQ"
785,"ロンドンやワシントンの当局者は、そのような議論にはあまり関心がない。

彼らの関心はむしろ、この事件が長引けば長引くほど生じる政治的圧力にある。

政治アドバイザーがよく言うように、この事件はひどい目にあう。→"
786,@62rjHTEEWKrAjEU いっその事政治家の給料０円化政策を始めてもいいんじゃね？w
787,"@honeyzakuro そうだね！
私は文系だから政治経済ってなってるけど"
788,"政治家をこんな方々と同列に並べて「豪華」とヨイショする記事が出るくらいなんで、有名人も吉村知事と対立というイメージが付きたくないんじゃないですかね。

https://t.co/VgZId0y5Ui https://t.co/kvCMfWQMaC"
789,"ゼレンスキーはパフォーマンスが上手いな
政治家に必要な要素や"
790,別に今まで政治に興味なかったけど、チンポ？この親子には単純にイライラする。チンポ？ https://t.co/kTMq6ZYH9F
791,@jyoutyaku 「れいわ新選組若者勝手連及び政治団体れ若連のツイートについての文責は代表であるかもめんにある」という事実と「れいわ新選組若者勝手連及び政治団体れ若連の公式アカウントのツイートはかもめん個人の私的なものではなく、それぞれの公式発言である」ことは矛盾しませんよ、、難しく考えすぎw
792,後退国、日本。 https://t.co/NBo3DC7hfK
793,@howtotakeaname 拼政治英一
794,@hazuki073 ありがとうございます‼️🙇🙇🙇
795,"今を時めく政治家さんだけど、誰かに凄い怒ってるか恨んでそうな顔だなぁ。
全体じゃなくて個人で凄い嫌な事でもあったんだろな"
796,@SuzanneK23 政界には文化や学問を理解し大事にするメンタリティが育たないんですね。政治と結びつくと学問も文化も腐ってしまう。大学図書館の書物も場所がない事を理由に希少本以外は処分。
797,"@dancer_muddy @s99465472 @YOSHI56545937 @pchip3 幸せすぎる洗脳だなぁ
私はあなたの人生についてもっと話してほしいのですが、質問に答えてくれないのですか？

では、逆に質問してくださいよ。私が何故信心を始めたのか？どんな体験をしているのか？家族はどんな状況なのか？"
798,今日はシャアが難民用コロニー、スウィートウォーターを占拠した日だとか。「難民のための政治」を語った彼。連邦政府の戦争難民給付金を狙って、困窮ビジネスをやってたかもしれないですね。無駄に炊き出しとかやったりして。 https://t.co/lMYbbpVHhR
799,"９０歳のお爺さんと１４歳の女の子
有名な政治家と普通の青年
今すぐ搬送しても助かるか微妙な子どもと今すぐに搬送すれば助かる高齢の人
どちらかを選ぶ方法なんてどんな教科書にも載ってない
その時の救急隊の判断がベストなのかは分からない
けど人を助けたい気持ちは皆同じなんです。"
800,欧米各国が移民国家の現状から脱しようとすれば、それこそ民主主義の議会政治などやめてしまってファシズムにでもなるしか解決法がないように、日本もまた日本が移民国家になってしまった明治以降の近代議会体制をやめるしか手立てはないだろう。
801,"年金を半分にし、開始は65歳に遅くした
これからもマクロスライドで削り続ける

経済運営がまずいので20年前より賃金も減ってる
宗教と癒着してる政治の結果、日本はこうなりました"
802,自民党政治では国が破綻する。 https://t.co/zaVbvrHQfi
803,現在の国際政治においては、債権国と債務国とどちらが立場が上かというとたいていの場合債務国の方が立場がうえなんですねよ。世界最大の債務国であるアメリカが世界の覇権を握っていて、世界最大の債権国である日本が立場が弱い。日本はもっと内需拡大をやって債権を減らした方がいいのです。
804,@YossannXI 独裁政治やつじゃん
805,@SF_SatoshiFujii 貴方が、政治家になって実現してください。
806,"最近、色んな国とか
日本の政治がとかで悪い意味で
クソみたいな世界になってきてる。
どうせクソな世界になるんだったら
ポプテピピックくらい
クソな世界になってほしい。"
807,王に？王は子どもだ。リシュリューが全て彼の名のもとに政治を行っている。それじゃあ、リシュリューに乾杯することになる
808,少子高齢化の中で、若い有権者が減り、高齢者の意見ばかりが政治に反映される状況があります。（中略）民主主義国家として不健全な状態であると言わざるをえません。若者党は、未成年の子を持つ親に対し２票分の投票権を与え、若い世代の意見が政治に反映される「子供選挙権」制度の創設を目指します。
809,最近予想をすることに嵌っています。政治・経済・景気・為替・野球・芸能（競馬は除く）何でも予想します。気が向いたら書き込みますので、その時は宜しく！！
810,"国民の生活を変えるのに、閣議決定って。本気で国民の生き方を見てますか？
増税、原発、医療費、
もう一定の国民の声しか聞こえないんだろうな。
水道が止まる、ガスが止まる、冬休みは給食がないと、相談された。
そういう思い、現職の政治家の皆さん、したことありますか？"
811,国民みなさんの幸せよりも自分の利益を優先するような人間は、本当の政治家ではありません。【朝倉】
812,"私はロシア国民や文化芸術、自然、料理好き。

だが日本人が日本を護る策を練るのは当然。
大きなお世話
露政府の皆さんが日本の政治家だったら何を考えますか？今の日本がどのような立ち位置だと？

ウクライナ人には同情するがPutinの考えも少し解る。でもロシアに日本の防衛に文句つける権利はない https://t.co/whLKwpLm7T"
813,"@pnpn023 それいい案👉😏👉
ただ、政治家の皆様方は自分たちが苦労するのは嫌だから可決しないんだよなぁ…"
814,"@kuu331108 メディアはデマ太郎出すな💢
日本がおかしくなる発信者
要注意人物だよ。

政治家の前に人として嘘つき
治してから出直せ！"
815,"政治家、閣僚は各職種のプロではなく、ただの無知なサラリーマンです！
自分達が行動する訳ではないので好き勝手言ってるだけです！"
816,マイナンバーカードの義務化は、国会議員を筆頭に日本全国の議員だけでいい。彼らのカネの出入りが国民に可視化されれば間違いなく、政治は良い方向に向かうだろう！
817,"@Frenkie1997_ @dadasadadasada @Waribashi031216 @livedoornews 億なら問題？
なら何千万は？何百は万は？
何処からなら問題？
貴方個人の価値観で「これなら税金使っていい」で決めれるものじゃないんだよね、税金って。
何度も言うけど、これを許すなら政治家が不正受給したり増税したりすることに全く意義をいえないぞ？"
818,"@ensemble43530 日本に住んでてばかばかしい
増税、政策失敗、増税、日銀に借金して
アホな政治、国会に必要な人間どれくらいいるの？
日本終わりだな"
819,『センタ－試験倫理、政治・経済の点数が面白いほどとれる本...』 5分 https://t.co/xtw1gf0mSj #studyplus
820,@mizyumaru3100 選挙や政治家にバカみたい詳しい女子大生と話したことあるけど「なんだコイツ」となった、可愛かったのに
821,"一度決めたことを全く動かせなくなる無能な為政者が多い中これは英断
日本人はいつまで新型コロナウイルスを新型と呼び続けるんだろうね
企業や個人がどれだけ過剰な対策は不要じゃね？と考えても行政が方針を変えない限り大手を振って廃止できないこと理解してない政治家や官僚多すぎ https://t.co/BbbLW35EEP"
822,笑えるけどなんか状況的に本当っぽくて笑えない こういうところを締められない政権が弱いのは、それはそうだよねーとなる -- フジテレビ、政治部記者が岸田政権の総理周辺を籠絡か : 市況かぶ全力２階建 https://t.co/5TrXELSAEr
823,"@2RBaweIMh48p1ZY @ensemble43530 その接点についてはもう説明した筈です。
ではここで話を戻しましょうか。
私はその「激務」の認知を増やす必要があると考えます。
今の世論が「政治家はゴミだ」から「忙しいからしょうがないよねー」に変わるのは政治家に寄り添ういい機会になるかと考えます。"
824,"自分らより賢い人らが検討を重ねてやってんだから一般人ましてや学生がとやかく言ってもすでにそれは想定済みで、そのリスクを抱えても行う決断をしたんじゃね？って大抵の事は思う🙄
政治とかはまさにそれで、声を…

続きは質問箱へ 

#Peing #質問箱 https://t.co/Od4ol4fa0K"
825,@like_like_sky そんなに自分を責めないでください。自分は自分、親の自慢になるかならないかなんて気にせずに行きましょうよ！！自分なんておじいちゃんが政治家で、嫌気がさしたので家出した後にいろいろあってつかまって顔に泥塗ってやりました！！
826,@nemuwo_nojob クリーンな政治👌
827,@AARKdbWeK7hQeCV @tyhfaYbGoAwJaU4 @GOBURO @toshio_tamogami それと、国民を騙し増税してまでアメリカの在庫処分の務めを果たそうとする岸田政権と自民党政治。
828,@MIKITO_777 所詮、立憲のすることですから。立憲は机上の論理が現場の論理と遥かに乖離していても、机上の論理を現場に強いる政党ですから。今の野党の政治家に｢何か｣を期待するのは、大いなる間違いです。
829,"政治とマスコミ支配する巨大コングロマリット、電通の闇

電通をぶっ潰せば日本は変わる
https://t.co/VJ4yRnIeJd
https://t.co/bCebHHB4G3"
830,"なんか逆に統一教会が日本の良心だった感出てない？
岸田統一教会切り始めたから少しは大人しくすんのかなと思ったら、政治家生命と引き換えにしてでもぶっちぎっていくぜみたいなスタンスになり始めた。"
831,少子化問題解決策「僕が仮に政治家だったら、少子化対策として何をやるか？2　一夫多妻制を導入する！」 https://t.co/VLPGgnjfK0  スマホ用にリライトしました。
832,日本を本気で良くしようという思いで政治家を目指している人の口から、割りに合わないとか損するとか、平気で言って情に訴えてる人は本気でこの国を変えようと思っていないと公言しているようなので、絶対に信用できない。
833,"@ch1hv @KK00905831 @JP_de_Gambal おっしゃる通りです。
日本人の為に働かない、日本人の顔した異国の政治家は全員辞職して欲しい。
日本人はもっと怒るべきです😤💢"
834,"岸田首相、連夜の会食　高市氏とは“手打ち”?　交わした酒の意味
https://t.co/aIZugkwE0P

岸田文雄首相がこの1カ月余り、政治家や経済人との夜の会食を精力的に重ねています。閣僚の辞任ドミノなどで首相の求心力低下が指摘される中、交わした酒はやけ酒なのか、それとも……。"
835,日本の政治屋に聞かせてやりたいね。国民の血税です。 #報道ステーション
836,@Anne470701 @Y7PkfvsZJVbL0tG @tachibanat @winding555 @YouTube 現在も借金をしている事を明言している事と借りる目的が政治活動する為に借りて現在も発言どうり政治活動している事から何らかのトラブルが起きたのだとしたら後は今後の黒川幹事長の活動を見て応援するしないかを有権者が一人一人考えれば良いのではと思います。
837,ここで語録。｢枠珍の害を認めるということは原子炉の中の栗を拾うに等しい🌰｣政治家も含めて原子炉の中に飛び込んで栗を拾う人間がいるわけがない。 https://t.co/P0H3588jLq https://t.co/d5K7Xal4nm
838,"@subT0K0 そんなに行動力はないと思うけどなぁ、周りのみんなの方がすごい（笑）
こちらこそ！！
もし戻ってくる機会があればいつでも戻ってきてくれ！また話そう！"
839,"決戦　ヨーロッパ政治史
決戦　語学

制限時間14時間"
840,熱海のあっつさん、そしてColaboを運営する仁藤さんに対する嫌がらせ行為の数々。アンチフェミとネトウヨ、害オタの連合軍の存在が可視化されてきたな。
841,"原発の件しかり防衛費増額しかり、岸田政権は、ふらふらフワフワしていてめっちゃ不安にさせるが、結論だけ見るとマトモなことになってる？
(外務大臣を除く)

これで増税路線も修正してくれれば良いが…"
842,その理屈で言えば、豊洲の地下水に言いがかりを付けた挙げ句に何の責任も取らず、今も福島のALPS処理水には差別的かつ非科学的な「汚染水」呼ばわりを続け、当事者からの抗議にさえ無視や侮蔑で応えてきた共産党がやっているのは「政治」とは全く別の活動ということですね。 https://t.co/83OYmlsMRA
843,"@diplo_geo @R_charie_H そうなんです。
税金など国民負担率に対する不満、政治に対する不満は言うのに、どうして それが理解出来ない人がこんなに多いのか...不思議です。
日本が抱える多くの問題は主権がない事に起因してると思います。"
844,"私は新日本プロレスを旗揚げした時、一軒、一軒、キップを売って歩いた。

理想のプロレスをつくり上げるために、なりふり構わず頭を下げた。

十年近くたっても、私はそれをやった。

《アントニオ猪木（元プロレスラー、実業家、政治家）》"
845,"うわぁ、小池もあっち系か。人として差別してはいない。しかし朝鮮部落系は戦後極右と結びつき金銭欲権力欲の権化となり、政治宗教支配層となる。被差別利権と暴力団が密接一体の理由

朝堂院大覚は小池の恩人

有料版｜売国都知事・小池百合子完全版 https://t.co/9jrLmt41XL #theLetter"
846,みんなが幸せになれる政治とかないのかな
847,@gzkai1028 質問しても答えようとしない ブロックで逃げる 政治家として最低よ🖐🥸
848,"@trapfly18holes1 反日左翼の税金搾取事業。
これに与野党政治家、官僚が絡んで居るからタチが悪い。"
849,「社会を変えたい」って思う気持ちってなんだろうね。独裁政治で王族のみが富を手にしている状態の社会は変えるべきだろう。でも、今の日本だったらけっこうな割合で「オレはジョブズみたいになりたい！」みたいなもんで、結局は有名になって金持ちになりたい免罪符用の宣言なのではと思う日曜の午後
850,米国にとっても、中国やロシアとの世界的な広報戦争で道徳的優位を確立しようとしているときに、このような有名な政治犯を手にかけることは意味がないだろう。→
851,適当にマニフェスト作ってたことを政治家は反省する時が来たみたいだな https://t.co/IyvY3O5CNp
852,政治垢 #ジクエク
853,"@CB02DF 私は戦争反対派なのでうまが合わないかと思いますが、
日本が戦後、責められなかったのはアメリカ軍が至るとこに駐在してたからが大きいでしょう。
それ以外では貿易で金をばら撒くことでしょうか。

最近の政治はミャンマーの大量略殺するような人々を迎えたりするので正直やばいと思ってます。"
854,日本の政治家は議論しているだけで、どうにもならない。政治というのはしゃべることではなく行動することなのだ。
855,"「日本国民」が「国」を

愛せなくなっているとした

ら。

ソレは「日本国民」を守

れていないから。

【北朝鮮】による【日本

国民拉致】の被害者は。

今も尚。

帰国が出来ていない。

【拉致被害者全員奪還】

「政治」の仕事です。

#特定失踪者全員奪還　#拉致被害者全員奪還"
856,政治に関しては本当に仲のいい人に直接しか語らぬ信条は変わっていないが、ウクライナのことに関しては呟かせてもらう。己の国に誇りを持ち、侵略者に頑強に立ち向かうウクライナ軍とその人々に最大限の尊敬と敬意を払いたいからだ。
857,五百旗頭・御厨・飯尾の三政治学者が果たした役割については，拙著『3・11の政治理論』でも簡単に（ですが批判的に）触れています．牧原論文と併読頂けると嬉しいですね． https://t.co/XmN8W7W4l8
858,"新型コロナ　新規感染者は18万3883人　17日連続で前週上回る https://t.co/MMxRob1ubf 

22日の大阪府の新規感染者は1万1182人でした。3日連続の1万人超。病床使用率は49.3％で、大阪モデルで非常事態を示す「赤信号」の目安の50％以上をまもなく超えそうです。"
859,"金の亡者め
政治家じゃないよ、もう○ねって言ってるようなもん
自分らは利権と金でいいだろうな
地○へ堕ちろ"
860,安倍首相時代から口先だけでなく堂々たる嘘つき政治に。安倍政権では堂々と約束を破りながら、見え見えの嘘も大声を張り上げていたものだ。合いの手を入れるのが公明、維新。幇間役が国民民主。政権の嘘を浸透させ、嘘の上塗りを重ね、真面目な印象を与えつつ、静かに嘘をつきつつ約束を破る岸田政権。 https://t.co/FKNDXdxic3
861,倫理仕上がってきた、政治まだ終わってない
862,"いやぁ、これは…。
しがらみだらけの現職だから、一部の人間しか潤わない。「えこひいき政治」なのが分かるよね？
ふるさと宮崎は、いま変わらねば！
#宮崎県知事選挙 #宮崎 #東国原英夫 
#がんばれ東国原 #どげんかせんといかん #宮崎再生 https://t.co/LwSDCK1qcG"
863,"おれ観
（「政治少年死す」）

#大江健三郎作品のなんなの性の高い細部 https://t.co/ljTAM8LEik"
864,"Colabo仁藤夢乃らは私に対しては反論できないから悪口しか言えないのね。統一教会とは左右の政治思想を取り込む以外では様々な共通点があるColabo仁藤夢乃ら、しかも仁藤夢乃本人、統一教会への言及は指摘するまで何故かして来なかったというオチまでついている。
@Colabomamorukai https://t.co/1r4xC19Ubf"
865,"左大臣
葵上、頭中将らの父。
桐壺帝の愛息子である光源氏を婿にし、丁重に支援する。
政治面ではかなり高齢になるまで活躍する。"
866,国際政治チャンネルを見てて突然思い出したんだけど、南三陸町のさんさん商店街にやたらと右のお店があったな。
867,"これ、けっこうヤバい事にならないか？ナイーブな問題だよこれ。税金で極貧になる人出てこない？
政治家さんは日本の田舎にどれだけ空き家があるか見てから言ってるのかなぁ？再検討して熟考してほしい。。 https://t.co/QCBnSl3JIR"
868,えんちょつ 小泉 悠×東野篤子×高橋杉雄「大忘年会2022」 #国際政治ch 135 / ニコ生視聴中 https://t.co/9HUJCnlR7l
869,"@yonemaru_hanzo そうなのよ〜！完全再現ライブがまた！
ほんま、この人ら天才。
確か、海外では学術論文もいくつか出たと思う。歌詞の内容の哲学的・政治的解釈云々で。"
870,"小池都知事「コロナとインフルの“ツインデミック”の入り口」東京都が感染対策徹底を呼びかけ #SmartNews 
お前ら政治家の愚策のせいでここまで
酷くなってるのにも関わらず、物価は上がり、賃金の上昇率とあってないやん。
国民は殺して海外を助けるなら、税金は
取るなよ。 https://t.co/cVeLWqfP5m"
871,@urano_teacha 靴下は丈が短いものがはやってますよね。夏は多少短くても良いと思うんですが、冬は健康を守るために長い方が良いと思います。昔より暑いですし、一年中膝まである靴下である必要はないかな、と。でもコロナ禍は夏でも長い方が清潔な気はします。
872,"@ojimakohei 政治家の圧力で開示になるかも？ってことですかね
それはそれでダメだろw"
873,居眠り政治屋でも特集したほうが数字取れんじゃね？？ #報道ステーション
874,"先進医療は進んでいる
しかしその恩恵にあずかるには
多くのお金やコネが必要である
社会制度を改革できればいいのだが
それは政治の現状を見ればほぼ不可能だ
自分や家族の命、健康を守るには
経済力は大きな助けになる https://t.co/Cwr5kxTiXt"
875,政治家は日本を改善させる気がないなら国民に対して国外退去を推奨しよう！
876,だいたい統一教会とつるんでる政治家たちに国の運営を任せるなどと言うのは、正真正銘、狂気の沙汰ではないか。しかし実際に今それをやっているのが日本🇯🇵なのだ。いったいなぜこんな事態をほとんどの主権者たちは容認するのか？
877,"マジでこれ。たぶん普通に「両方できるでしょ！ガンバってよ！」とか言われる。
そんな根性論を言ってるうちは、""男女雇用機会均等法""とか""女性の政治参画""とかやっても形骸化するだけ。
https://t.co/FM8fsbuT8r"
878,"#皆が年越せるよう一律に給付金配れ
政治家の給料削減して、ボーナスカットすれば、出せるでしょ?余ったら、少子化対策と、社会福祉費用に使ってね?政治家は、貰いすぎている上に、不祥事だらけだから、責任取って、返還は、当然よね?😊"
879,"@binbou415 😷😷😷子供達が
犠牲になってるのを
考えられない大人達😷😷😷

2020年4月23日
すべての子供の能力を
伸ばそうとするのが
公教育の役割です

生徒の実力を上げるのは授業です
試験！試験！と金儲けのために
人々を洗脳する
自民党・下村博文などの
政治家のたくらみに
騙されないでください"
880,"その裏では何万ガロンもの燃料が必要なんだ
我欲で政治をやると死ぬぞ
 https://t.co/SeE86ntvwr"
881,個人的に実践してるのは、冬至のような人間社会と無関係に決まってる地球の暦(24節気)と自分の生理バイオリズムまたは自分に関わる行事や記念日は優先度高く、あとは人間社会の政治と経済の関係から記憶されたりカネを落とすことを期待されてる行事だからお好みでというグラデーションをつける。
882,金≒利権、権力への執着は不信からくる不安なので金持や政治家を優しく抱擁すればトリクルダウンするのではないか
883,"量的緩和について。
経済理論主導ではない。政治学主導なのだ。クソゲー。"
884,独裁政治は百害あって一利なし！独裁政治の裏に偶像崇拝あり！ https://t.co/PYySQyDX1D
885,"タイムラインの自分のツイートの左下にツイートアクティビティのボタンがついたね

いままでは右端にあったんだっけ？

なんか違和感
ここはコメントボタンだろ"
886,"旧統一教会信者「解散請求しないで」 との記事。

解散請求をしないよう求める信者約2万3千人分の嘆願書を文化庁に送ったとのこと。

見方を変えれば、集票マシーンになれる実行部隊は2万人はいる。
政治家に重宝されるわけです。

恐るべき朝鮮カルト。壊滅させなければ…。 https://t.co/2d0BcSnfJb"
887,"オーストラリアの政治指導者でこれほど明晰な目をした人は他にいない。

アサンジの身柄引き渡しに対する控訴の最初の審理は、来年初めにロンドンの高等法院で始まる予定だ。

この控訴は、アサンジ氏が意に反して米国に送られることを回避するための最後のチャンスとなりそうだ。→"
888,ノーマライゼーション
889,@okayama_uchu ロスアラモス核融合施設
890,"ありがとうございます。
政治こそ「TikTokを制したモノが制す」時代に突入してますね。

○TikTok本
https://t.co/bGcRSnYoNZ https://t.co/t6UWNLRfX9"
891,"知念さんを支持する気はないが
囃し立てながら危うくなるとこっそり陰にいようとする政治家とか発言者とかは地面に吐いたツバを無かったことにしないでほしい　訂正なり謝罪なりして行動すればいいが、なかったことにはしないでほしい
ダブルスタンダードはカッコ悪すぎだし信用できない"
892,@6my7bean4o4o こういう人たちが政治やってんだから、一般的な人々、まして様々な事情で経済的弱者のなった人の事なんかわかるわけない。
893,"・・・
#自民党 #自民党議員 #自由民主党
#国会議員

茂木外相の政治団体、使途不明の支出が１億2000万円以上　全体の97%占める：東京新聞 TOKYO Web https://t.co/sGKMYEOZoh"
894,"絵描きは絵だけ描いてて欲しい気持ちがよく分かった気がする。
宗教も政治も、絵に罪がなくても描き手が狂人だとどんなに良い絵でも穿った目で見てしまう。
……絵描きは精神も肉体も金銭面も健康的で健全であってくれ。最強であってくれ。"
895,"@soedashiori @yoshidakoichiro この年になって、添田先生のようなまさに命がけで戦う政治家と出会えて感無量です。
先生と年の変わらない娘、息子たちのためにも、いち有権者として先生のおかげで知ることができた国士議員さんのためになにができるか考えていく所存です👍"
896,@sharenewsjapan1 政治家老害の溜まり場だな
897,"官邸のバカどもに学問とは何たるかが分かるワケがない。
前の官邸の主・菅義偉なんて見てみろ。白痴そのものやないか。
政治サイドは口は出さず黙ってカネだけ出しとけば良い。岸田ごときの下等生物がエラソーに😩 https://t.co/FsnSp8gwU3"
898,"@meiko_orenoyome 普通に死人でそう

日本って岸田が総理になってから日本人の命を本当に軽々しく扱う政治家だらけになった"
899,政治経済やめて日本史B選択します！
900,"自分はズルい人間が嫌いだ。
一部だが役所、社協、包括とかの職員、民間ではあんま見かける事のない、ズルい人間が居てる。
本気で汗かかず、いかに楽するかだけ考えて仕事してる奴ら。
きっと政治家とかも、そんなのがたくさん居てるんだろう。"
901,"😩政治家の90%もそうです！
官僚の99%もそうです！ https://t.co/la7hbIjVLD"
902,いつまでコロナ茶番やってんだよ。政治家って本当に無能だな。
903,"@_mikami1118_ @T_akagi 説得する力がないだけじゃねえの？

何で、周囲を説得できない無能を必死に擁護するんだ？"
904,"科学的に60年以上じゃなく
政治的経済的に60年以上だから問題になる
あまり頭の良い判断じゃないよね
コロナの時もそうだよね

#原発再稼働"
905,"@hashimoto_lo 橋下が政治家は無いでしょ。
日本が滅ぶから。
無責任捏造コメンテーターで良いんじゃない。
所詮、地方行政も放り投げた無責任人間。"
906,"過少記載の総額は4900万円　薗浦前議員を略式起訴、秘書ら2人も(朝日新聞デジタル)
#Yahooニュース
https://t.co/a7xKqDud44
安倍晋三の政治資金規正法違反は配川公設第一秘書だけが略式起訴・罰金100万円で本人は不起訴だったのに、こっちは本人も秘書も略式起訴なんだね。"
907,"不要不急の外出

会社休めって政府命令出して、どうぞ💢
岸田内閣は日本のためにはよ解散してくんないかな

龍が如くシリーズに毒され？てるから政治家って利権のためにしか動いてないと思ってるからｗ法整備含めてな🙄このムナンチョヘペトナス教団がｗ"
908,"#滅べ自民党 
「政府は従来の健康保険証での受診料を、来年4月から12月末まで特例的に値上げする方針を固めた」とのニュース。デタラメである。自民党・公明党は傲慢である。市民国民への嗜虐政治である。許せない！"
909,子どもも増やせない、少ない子どもも手をかけて育てられない、とんだ能無しばっかりだよ、日本の政治家は💢
910,@tapune_sallyris ワクチン打ってアタマおかしくなってんやろ？政治家と一緒
911,雑談で政治と宗教の話するの日本だけ説。
912,"政治をその方法で可能なら説得力があります。
負のエントロピーによる政治とかですね。

しかし、現代は全体に偏らず個人主義にも偏らずにうまく調和していますよね。余り良い結果は出てきていないですが、考えようによってはこれが調和型かもしれないです。資本主義の方は全体に偏っていますが。 https://t.co/kqiRSADTEP"
913,｢いうことを聞かない政治家を、例えば竹下さんも、お金のことでいろいろなことがあった時に、MPが横田に連れていったそうです。飛行機に乗せて太平洋のど真ん中まで行って、ここから落とすとか言われYESかNOかと脅迫されたと聞きました。｣-中丸菫 共著『泥棒国家日本と権力構造』にて
914,グルジアのココイトゥイにカレーを食べに 小泉 悠×東野篤子×高橋杉雄「大忘年会2022」 #国際政治ch 135 / ニコ生視聴中 https://t.co/9HUJCnlR7l
915,（社タイ二世政治家分岐答）安倍晋太郎、鳩山威一郎、小泉純也、中川一郎、河野洋平、梶山静六、渡辺美智雄、西村栄一、江田三郎、加藤精三、石破二朗、江藤隆美
916,"国会議員もクビに出来るようにして欲しい。
公約だって言うだけで全く守られない。
もっと政治に関心が向く世の中にしたい。 https://t.co/J0bkqbkWly"
917,"私の政治術としては相手を選びつつも、できるだけ思ってることを漏らしまくるようにしている。隠しすぎても良いことない。

嫌なもんは嫌という。

お漏らし系サラリーウーマン。
オープンハート政治。"
918,"政党助成金ってあるけど、政治資金規制法違反した議員の所属した政党に交付やめたら？
この所、自覚ない議員多すぎる。寝てたりするし議員もっと減らしたら？
議員って役に立ってるのか？"
919,@killkillmy 政治家の給料からしたら398円でも578円でも大差ないんだろうけどさぁ(´Д｀)ﾊｧ…
920,"「魔王だかなんだか知らねぇが爪は切れ」
「陵辱でも快感与えたいなら爪は切れ」
「受けが気持ち良くても俺たちが気持ち良くないねん」
「とにかく爪を切ってくれ！頼む！」

メロスには政治がわからぬ。メロスは、村の牧人である。けれどもアナルいじりの爪の長さに対しては、人一倍に敏感であった。"
921,"岸田「不要不急の外出は控えて（節電も並行して寒さしのいで！）」
さすが雪国を知らない東京都渋谷区生まれの夏休みに広島に遊びに行くくらいで「広島は私のふるさと」とか言う典型的政治家おじさん"
922,"今さら聞けない！政治のキホンが２時間で全部頭に入る 354

本 Kindle 電子書籍 ぜひ読んで下さい
https://t.co/vgJs3gVIQ9"
923,え。そんな怪しい手法で特定するのって政治家目指す人がやることと違いますよ… https://t.co/MeMWBlpJM5
924,"@takamint9 岸田さんも言ってましたが、日本の宝は外国人らしいので、日本人のことはあまり気にならないんでしょうか。
テレビも政治も外国人に牛耳られているみたいだし、当然と言えば当然ですが、うんざりしますね。"
925,"「岸田総理の口から増税なんてオレは一度も聞いた事がない」だとさ

日本の政治屋はウソをついてもいい事になったらしい。
国民を舐めやがって

宏池会のクソ政治屋
木原誠二、岸田文雄、林芳正。
絶対にぶっ潰す🤬

＃宏池会政治を終わらせよう
＃木原誠二落選運動

https://t.co/HYY8CZAlH4 @YouTube"
926,@taishi_fx ファンドマネージャーもAIで出来るんですから、政治家も出来ると思います😃
927,とことん、法的に正しい論で攻めてるのな。ある意味、政治的に正しいと思ってきたものvs法律的に正しいといえるもの、の戦いになってきてる気もする。
928,私は100人の政治家に出来ない事が出来る。 【ズボニミール・ボバン】
929,"おっしゃるとおり。自民党に投票する有権者も同じようにバカ。
自民党の日々の利権活動が、地に足のついた活動となって、この国を支える悲惨な現実
◯◯商店会、農業工業振興会、◯◯士政治連盟、馬鹿医者政治連盟、◯◯学会教授政治連盟とか。 https://t.co/jtX0JlF8n7"
930,@masaki_kito えっ、この人弁護士辞めて政治評論家になったん？
931,"#silent、日産サクラが
つむぎと呼んでるようなCM"
932,こういう政治的な思惑で法の下の平等や権利、裁判等が歪んでいることが異常なんだよ。 / 他19件のコメント https://t.co/FX3HXLm5Us “なんで精神鑑定にこんな時間かかってるの？” https://t.co/15oe86bX2o
933,国際政治chとWBS同時視聴なので実況難易度が100万くらいになっている
934,"自民「政治とカネ」根深さ浮き彫り　辞職の薗浦氏は説明責任果たさず(北海道新聞)
#Yahooニュース
https://t.co/b2AB3eKjnS"
935,政治献金で議員と企業や利益団体≒国民の集団とシガラミが出来ても問題は無いですよ。それぞれの議員がそれぞれ多様なシガラミを持つわけですから、政治全体としては公正に近くなります。特定集団だけが献金で圧倒持続は自由競争の自由経済では有りえず、一時的に公正からずれても裁判で是正可能 https://t.co/gE9r9LO0ib
936,"王様がどれだけ喚いても、水は上から下にしか流れない。金の流れも、水と同じ。
政治権力の使い方を分かっていないご都合ノータリン反日カルト政党とはとっとと決別しよう。 https://t.co/pGavgxS53q"
937,ロシアがバフムトに拘るのは、バルジの戦い後半のバストーニュみたいなもので政治的思惑なんだろうが、逆にウクライナ側に上手く政治利用された形だな。シナリオを書いたのが誰なのかは知らないが達者なものだ
938,"@MIKITO_777 二学期の給食は昨日か今日で終わりなので、
年明け後に向けての政治的アピールなのでしょう。"
939,"@tokki_kitaq それは所謂｢しがらみ｣の無い井上議員だから言える事で、いかに選挙時何処かに頼った後ろめたい政治屋議員が多いかと言うことだと思います。
公明を切って当選された小野田紀美議員みたいな堂々と闘える議員さんに増えて欲しいものです。"
940,@momoyazaasai いません
941,"@nyJpjiyYZaPQAsl 自民党の政治家は住む世界が違うらしい
https://t.co/4tHu3g2MB9"
942,"仕事や用事が有るから外出するんだよ。馬鹿なのか？
阿保だけどね。キチガイなのか？脳みそ無いけど！

首相 大雪予想地域は外出控えて
#Yahooニュース
https://t.co/lDTJfSJINI"
943,少子化した数少ない子ども全部をきちんと育てるのは社会の、そして政治の最大の役目だろう💢
944,"@ojimakohei 初期の段階で貸借対照表の話が出ているんだから、
何周遅れなんだって感じだよ。

この段階で情報収集能力に疑義が生じる。

今後も政治活動したいなら、軽い気持ちで発言するのは控えた方がいいと思う。
練馬区内でCorabo関連のツイートを見ている人は、
絶対貴方に投票しないはずだ。"
945,戦後文学と保守政治の関係を考える上でも、鎌倉文士と佐藤栄作の交友はもっと注目されていい。
946,ニャホニャホマタクローってなんだったかな？と思ったら、正確にはニャホニャホタマクローでガーナのお医者様、政治家の先生だった
947,@osamushi_serial マジな話、止めた方が良いかと・・着るマフラーより車のマフラー関連で雪が詰まり一酸化炭素中毒が怖い。
948,2019年はパンデミックの影響として、2016年は何で長期金利がマイナスになったんだっけ?
949,戦争がテーマというより、正義ですね。ナショナリズムといいますか、国家にはエゴイズムがあります。あらゆる国々には、それなりの政治がありますので、戦争にかぎらず、政府間のトラブルはどっちがいい悪い、というのではないんです。（手塚治虫　1986年3月13日号　女性セブン）
950,"【動画の宣伝】

【この酒に合うアテ＃4】風の森に合うアテは？ https://t.co/W3397kYWKc @YouTubeより"
951,"「僕は天皇を最後に守るべきものと思ってないんでね」
これって誰の言葉かわかりますか？ヒントは有名な政治家です。所謂「保守」から絶大な支持を得ている人です。
（答え：石原慎太郎）
https://t.co/1b1rvsi6Ld"
952,"まるでどっかの医者の騒ぎ立ては社会に何ら悪影響が無いみたいな仰りよう
無責任に騒ぎ立ててるのは一緒
説明の場に立つ可能性だけで言ったら政治屋以下の人の言葉じゃない https://t.co/fSAVQ8XK00"
953,"https://t.co/ABjRQuywPy
【#岩田温】「日本人という事実が恥ずかしい」真木よう子さん、いい加減にしろ。【#切り抜き/#政治】【#岩田温の切り抜き部屋】"
954,あ、医師会の政治力によって自分の職が守られてることはご存知らしい。 https://t.co/I14F4sEPHJ
955,「ンダイゼイエ」…フルネームは「ドミシアン・ンダイゼイエ」。ブルンジ出身の政治家で、ブルンジの第8代大統領を務めた。
956,政治家と親戚じゃ無い日本国民1億人ぐらいが石投げれるなこれ https://t.co/T4JE7thl0C
957,@soulxross あんま政治的な話をしてもあれだけど静岡県知事は中国共産党にご心酔だからな。(笑)
958,"おつこま！ついにお客さんから政治家まで誕生したね！リクルートスーツに白スキニー（短パン）が国政のトレンドなんて信じられないぜ！😉扱えるお洋服も増えてフロアも増えて、いずれ屋上に神社まで建立されそうな勢いでした！見てくれてありがと～～
#こまこまたいむ https://t.co/nlNTtb2RdR"
959,"北朝鮮の豆知識その27
事実上の一党独裁制を担う朝鮮労働党の支配組織としての形骸化が指摘されており、1997年から先軍政治を掲げて、国防委員長の金正日の個人独裁体制となっていると推測する声も根強い。「知られざる北朝鮮の秘密！」https://t.co/cYSJSz0Rqi"
960,@TotalWorld1 壺からの指令で日本国民のお金をふんだくりたいのかな？すべて自民公明だけの利権政治のため？国民の血税を壺に捧げるの？？
961,【大統領】マイケル・ウィルソン・Jr：メタルウルフカオスの主人公にして第47代アメリカ合衆国大統領、元アメリカ陸軍少佐メダル・オブ・オナーの受賞歴を持ち『海外サイトが選ぶゲームの政治家』1位に輝く、「何故なら私はアメリカ合衆国大統領だからだ！」の台詞の元、あらゆる障害を粉砕する。
962,「他人から与えられたものとか、何かの権威が後ろに付いたものしか民衆は理解できないんだよね。そんな人たちに生きてる価値ってあるのかな？その人達が死んだって別に世界は何も変わらないよ」　...リリィ・レイエス『大日本サムライガール』
963,愛のない経営が好ましくないように、愛なり慈悲の少ない政治は許されるはずがない。
964,政治家は高齢化しても寝てるだけ #wbs https://t.co/1xhVrUpb7N
965,@PKoy2iwt2FxbaLy 鶴子ミクスは結局、多くの政治家を虜にした!?🙄
966,@nippon_ukuraina 異常よ。
967,"クソすぎる

フジテレビ、政治部記者が岸田政権の総理周辺を籠絡か : 市況かぶ全力２階建 https://t.co/9SlGM1bZSG"
968,@creamjojo1 カウンター計略の出現判定は計略P＋知力/3が80になった時だから、計略Pが70になったらたいがい出現していますよ＾＾もちろん、政治家で後方守備でずっとぬくぬくしてると永久に出ないけれども、ある程度戦闘機会があればという話
969,"ウマ娘二次創作ガイドライン
1.本作品、または第三者の考え方や名誉などを害する目的のもの
2.暴力的・グロテスクなもの、または性的描写を含むもの
3.特定の政治・宗教・信条を過度に支援する、またはめるもの
4.反社会的な表現のもの
5.第三者の権利を侵害しているもの"
970,"@ribrib010 私は貴方を批判しているのではない
貴方が私を批判したから
その理由を確認しているだけです

宇と露の紛争のことの何をもって、私がファクトチェックの結論を政治的信条で決めつけているとされるか、理由がさっぱりわかりません"
971,【トーチュウF1EXPRESS】 ドライバーの政治的発言、来季から完全禁止−−ＦＩＡ「スポーツの政治的中立性に沿ったもの」: … https://t.co/KyuRPtp5vV | #トーチュウF1EXPRESS
972,@lingualandjp 老害政治家
973,@gzkai1028 この人のオヤビンにもお約束のブロックね、底が浅い政治家は まず使えない 私利私欲の為に政治家やってる😎👍 https://t.co/pQTBdWzVKo
974,@uyhjtgre 同感です。日本の報道の自由度ランキングは７２位。貨幣観や消費税の嘘など知らないのは仕方ない。日本人の大半が正しい最低限の政治経済の知識を習ってないまま選挙権だけ与えられた。でも政府の不作為によるコロナや増税やカルト被害を見ても自公維新に投票する日本人、騒がない日本人。馬鹿すぎます
975,政治:札幌市長選「五輪招致、争点の一つ」　秋元氏一問一答https://t.co/uMp7rnwXnd
976,政治:学術会議選考に第三者、政府方針変えず、官房長官https://t.co/6WyM6D4jFM
977,政治:大阪ＩＲ「通常国会前に認定」　維新・馬場氏が見通しhttps://t.co/YZht4cHgAV
978,"各放送局は中道を守れないなら
今すぐ停波するか電波オーディションを始めろ。"
979,"愛知の研修医、救急車で駅に送らせ下車　消防「タクシーと違う」(毎日新聞)
#Yahooニュース
https://t.co/ksvptq08rF 手空いてるなら良くないか？
これを問題して叩かないと気が済まないなら本当に病んでるよ日本｡政治家叩こうよ"
980,政治家ってなったら勝ちなの？
981,卒論カール・シュミットの可能性出てきた！議会政治嫌いなので！
982,"” 国家を動かした” 石原慎太郎「名言＆ブチ切れ」会見 https://t.co/FtFvbYCJPw @YouTubeより 
慎太郎の威圧感で朝日の記者ビビって「取り沙汰されて」がカミカミで言えてないの草ww
こういうインパクトのある政治家が岸田禍では必要なのに。。。"
983,『過去16年間、ウェブサイト「ウィキリークス」は、イラクとアフガニスタンにおけるワシントンの戦争や、当局がスポットライトを当てないことを好んだ無数の事柄に関する政府の機密文書やビデオを公開し、米国や他の国々の政治を揺るがしてきた。→
984,"@UKHongKong_334 香港分裂はマ創が栄えてたのが背景にあるように、他のどこかが栄えてないと喧嘩での崩壊は難しいんですよね
あとなんかあったら政治という舞台で喧嘩させられる"
985,Check out スーパークレイジー君🥊政治家🥊's video! #TikTok https://t.co/TZUaZqGJu3
986,コロナにかかわらず、政治家とメディアが間違った方針とか情報を示した後、振り返って訂正とか謝罪とかしないのなんなんすかね https://t.co/UErLsqLUaD
987,@MIKITO_777 何を考えているのでしょうね？ってキミのことやw
988,@qBkgWWkxcpbDBAA 「懸念」で終わりか、話にならないね。例えば日本の経済学は、竹中とか権力に媚びる御用学者ばかりで死んでる。学者に政治家が命令して、何か有効な学術的成果が得られるんだろうか？学術に必要なものは自由な環境だと思うけどね。
989,"杉田の政治パーティーの参加メンバー濃すぎるな。戦争万歳だらけじゃないか。凄い。
→杉田水脈氏も稲田朋美氏に「乗り換え」か 自民党内で「高市離れ」始まる？ #ldnews https://t.co/HdnF1A8aFE"
990,"@adachiyasushi #あだスペ 37回
また３党の提言のうち、具体的な攻撃用の武器を挙げているのは、維新だけです。正直恥ずかしい思いがします。
・安保にタブーなし
・改憲を政治日程に
・過去の解釈にしばられない
これだけを押し通せばいいのにと思うのです。"
991,@rocopiro 異性と泊まりで記憶なくすって何？言ってることとやってること違うよね？政治家なの？
992,"政治のタガが外れている、、
まったくだ

https://t.co/YyGnxiaeUa"
993,@ka_zeo6 こんな日本のために大事な政治家を陥れたと言われる、読売の女性記者達は今頃、どこにいるんでしょう。もし私が先に死んだとしても、他の者たちとともに地獄へ引きずりおろします。
994,@Tengachaya999 産経新聞社の記者だよ、こいつ。産経の記者は地方新聞より、記者採用名少なし。さらに記者より政治活動をしている奴とか。スポーツ紙より信頼度なし
995,"カルト教団や政治セクト等からはなんとしても距離を取る以外ありえないｗｗｗ
からかってやろうと思ったが最後、そのまま丸めこまれてしまう可能性もありますなｗｗｗ

ところでボク役割論理っていう戦術で対戦してるんですけどそこの喫茶店でちょっとお話聞いていきませんか？"
996,政治家なら環境整えろとか言われてるけど、最大の要因は提供する側の親（国民）が拒否することらしいし、社会の意識が変わってたとて医療が整っていて治安もいい国で都合のいい心臓が自国民で賄えるのかなぁ https://t.co/4UNyfaCk7R
997,アメリカ合衆国の二大政党は、政党の指導者が連邦議員や州知事などの公認候補者を直接指名することができず、これらの公職に対する党の公認候補者を決定する際には、原則として予備選挙を実施する。#特別区　#東京都　#市役所　#公務員　#政治学
998,@RamApex3 @ensemble43530 それは『大衆は生活の不満を政治家のせいにする』という俺の意見と どのような接点が？
999,"【1843年革命(1843/9/3)】
ギリシャ王国で発生したクーデター。親政を行うオトンに対して政治家や独立戦争を戦った軍人が中心となり憲法制定を要求した。11月には国民議会が開催、44年に王国初の憲法が制定された。オトンはこの憲法を無視し専制に固執、62年に追放される。 https://t.co/TPuA4AQSCS https://t.co/IhMgtPAs0v"
